OrderID,Date,Customer,Product,Category,Quantity,UnitPrice,TotalSales,Region
ORD00001,2022-04-01,Customer_159,Monitor,Electronics,4,1903.89,7615.56,West
ORD00002,2023-11-05,Customer_82,Smartwatch,Wearables,3,1570.4,4711.2,South
ORD00003,2022-11-25,Customer_15,Smartphone,Electronics,5,354.24,1771.2,East
ORD00004,2023-10-15,Customer_8,Monitor,Electronics,3,244.95,734.85,North
ORD00005,2022-10-13,Customer_7,Smartphone,Electronics,3,1739.04,5217.12,North
ORD00006,2023-04-04,Customer_127,Smartphone,Electronics,4,328.59,1314.36,East
ORD00007,2023-08-06,Customer_101,Smartphone,Electronics,3,90.14,270.42,West
ORD00008,2023-12-30,Customer_47,Keyboard,Accessories,2,1457.9,2915.8,East
ORD00009,2023-12-26,Customer_25,Tablet,Electronics,2,404.56,809.12,East
ORD00010,2022-02-19,Customer_160,Mouse,Accessories,5,1254.09,6270.45,South
ORD00011,2023-06-12,Customer_46,Smartwatch,Wearables,2,1073.28,2146.56,North
ORD00012,2023-12-10,Customer_5,Keyboard,Accessories,4,94.97,379.88,North
ORD00013,2023-04-01,Customer_181,Smartwatch,Wearables,3,1243.11,3729.33,North
ORD00014,2023-05-22,Customer_180,Smartwatch,Wearables,2,141.0,282.0,North
ORD00015,2023-04-08,Customer_69,Smartwatch,Wearables,4,764.41,3057.64,North
ORD00016,2023-07-06,Customer_178,Smartwatch,Wearables,3,795.8,2387.4,East
ORD00017,2022-04-16,Customer_180,Smartwatch,Wearables,4,1205.21,4820.84,North
ORD00018,2023-07-31,Customer_138,Tablet,Electronics,3,1726.88,5180.64,North
ORD00019,2023-06-18,Customer_176,Laptop,Electronics,5,928.47,4642.35,West
ORD00020,2023-10-22,Customer_112,Tablet,Electronics,2,1900.33,3800.66,East
ORD00021,2023-09-23,Customer_33,Smartphone,Electronics,4,1148.41,4593.64,East
ORD00022,2023-08-12,Customer_23,Keyboard,Accessories,2,644.0,1288.0,West
ORD00023,2022-05-02,Customer_130,Headphones,Accessories,5,500.24,2501.2,South
ORD00024,2022-01-21,Customer_59,Mouse,Accessories,4,908.3,3633.2,East
ORD00025,2022-08-07,Customer_3,Smartwatch,Wearables,4,1015.59,4062.36,West
ORD00026,2023-11-03,Customer_178,Mouse,Accessories,3,1823.17,5469.51,North
ORD00027,2022-10-27,Customer_158,Monitor,Electronics,4,405.36,1621.44,South
ORD00028,2023-05-14,Customer_123,Mouse,Accessories,4,657.84,2631.36,South
ORD00029,2022-09-12,Customer_163,Smartphone,Electronics,2,1157.02,2314.04,West
ORD00030,2023-10-07,Customer_134,Monitor,Electronics,5,1940.69,9703.45,North
ORD00031,2023-06-11,Customer_111,Mouse,Accessories,2,927.02,1854.04,East
ORD00032,2022-08-23,Customer_7,Mouse,Accessories,2,1794.91,3589.82,North
ORD00033,2023-10-12,Customer_192,Tablet,Electronics,4,138.19,552.76,South
ORD00034,2023-03-30,Customer_122,Laptop,Electronics,5,807.92,4039.6,West
ORD00035,2023-07-25,Customer_42,Headphones,Accessories,2,1102.4,2204.8,East
ORD00036,2022-06-13,Customer_174,Laptop,Electronics,2,1932.25,3864.5,West
ORD00037,2023-08-24,Customer_76,Laptop,Electronics,4,1108.26,4433.04,South
ORD00038,2023-04-13,Customer_71,Headphones,Accessories,1,627.73,627.73,South
ORD00039,2023-08-31,Customer_104,Tablet,Electronics,5,195.37,976.85,East
ORD00040,2023-09-16,Customer_26,Smartwatch,Wearables,1,1555.88,1555.88,South
ORD00041,2022-12-27,Customer_16,Monitor,Electronics,4,622.3,2489.2,South
ORD00042,2022-09-04,Customer_107,Headphones,Accessories,3,437.74,1313.22,North
ORD00043,2022-11-05,Customer_117,Smartphone,Electronics,3,1590.84,4772.52,West
ORD00044,2023-01-13,Customer_145,Keyboard,Accessories,3,194.39,583.17,South
ORD00045,2022-03-06,Customer_195,Monitor,Electronics,2,275.94,551.88,North
ORD00046,2023-11-04,Customer_127,Monitor,Electronics,1,1265.43,1265.43,West
ORD00047,2023-01-28,Customer_9,Keyboard,Accessories,2,236.05,472.1,East
ORD00048,2023-04-30,Customer_168,Mouse,Accessories,5,1472.73,7363.65,South
ORD00049,2023-11-02,Customer_139,Smartwatch,Wearables,3,1144.42,3433.26,South
ORD00050,2023-11-05,Customer_35,Mouse,Accessories,3,283.21,849.63,East
ORD00051,2022-04-15,Customer_145,Laptop,Electronics,3,1533.53,4600.59,North
ORD00052,2022-03-09,Customer_90,Smartwatch,Wearables,2,510.17,1020.34,West
ORD00053,2022-10-15,Customer_51,Smartwatch,Wearables,3,1069.33,3207.99,West
ORD00054,2023-08-23,Customer_39,Mouse,Accessories,2,99.57,199.14,North
ORD00055,2022-12-06,Customer_117,Smartphone,Electronics,5,443.35,2216.75,West
ORD00056,2023-09-03,Customer_136,Mouse,Accessories,1,662.99,662.99,East
ORD00057,2022-11-19,Customer_195,Smartphone,Electronics,4,1819.75,7279.0,West
ORD00058,2022-05-12,Customer_130,Tablet,Electronics,5,1102.69,5513.45,East
ORD00059,2022-05-10,Customer_185,Keyboard,Accessories,5,496.16,2480.8,North
ORD00060,2023-01-12,Customer_108,Smartwatch,Wearables,3,1404.83,4214.49,North
ORD00061,2022-08-30,Customer_198,Laptop,Electronics,4,1862.91,7451.64,East
ORD00062,2023-10-25,Customer_26,Mouse,Accessories,5,626.49,3132.45,North
ORD00063,2022-10-15,Customer_71,Laptop,Electronics,5,1749.35,8746.75,East
ORD00064,2022-05-18,Customer_104,Tablet,Electronics,4,475.96,1903.84,East
ORD00065,2022-09-22,Customer_88,Laptop,Electronics,4,1790.49,7161.96,North
ORD00066,2023-01-16,Customer_156,Tablet,Electronics,3,682.47,2047.41,North
ORD00067,2022-01-18,Customer_2,Tablet,Electronics,4,744.78,2979.12,West
ORD00068,2022-01-17,Customer_69,Monitor,Electronics,1,580.66,580.66,West
ORD00069,2023-12-08,Customer_132,Laptop,Electronics,3,882.86,2648.58,West
ORD00070,2022-09-22,Customer_120,Headphones,Accessories,4,737.51,2950.04,West
ORD00071,2022-10-25,Customer_51,Monitor,Electronics,3,63.56,190.68,North
ORD00072,2022-04-24,Customer_135,Tablet,Electronics,3,863.95,2591.85,West
ORD00073,2022-08-13,Customer_117,Laptop,Electronics,5,1400.25,7001.25,East
ORD00074,2023-04-23,Customer_50,Keyboard,Accessories,2,708.35,1416.7,North
ORD00075,2022-05-06,Customer_94,Smartphone,Electronics,3,680.25,2040.75,North
ORD00076,2023-10-28,Customer_157,Mouse,Accessories,1,837.48,837.48,South
ORD00077,2022-11-15,Customer_35,Smartwatch,Wearables,1,545.14,545.14,South
ORD00078,2022-09-23,Customer_58,Smartwatch,Wearables,4,540.98,2163.92,North
ORD00079,2022-10-04,Customer_80,Tablet,Electronics,2,1438.93,2877.86,North
ORD00080,2022-05-15,Customer_157,Keyboard,Accessories,5,605.44,3027.2,East
ORD00081,2022-12-28,Customer_3,Headphones,Accessories,1,570.22,570.22,North
ORD00082,2022-09-08,Customer_57,Smartphone,Electronics,2,1030.22,2060.44,South
ORD00083,2023-12-19,Customer_56,Smartwatch,Wearables,5,722.89,3614.45,East
ORD00084,2022-08-30,Customer_153,Headphones,Accessories,1,517.15,517.15,West
ORD00085,2022-02-27,Customer_34,Monitor,Electronics,2,1085.32,2170.64,South
ORD00086,2023-02-14,Customer_32,Keyboard,Accessories,2,1972.02,3944.04,West
ORD00087,2023-05-20,Customer_127,Monitor,Electronics,4,207.66,830.64,West
ORD00088,2023-09-06,Customer_97,Mouse,Accessories,3,522.21,1566.63,West
ORD00089,2023-02-21,Customer_175,Headphones,Accessories,5,1283.0,6415.0,North
ORD00090,2022-12-30,Customer_111,Smartwatch,Wearables,3,1642.04,4926.12,South
ORD00091,2023-07-18,Customer_156,Smartphone,Electronics,1,343.9,343.9,North
ORD00092,2022-08-30,Customer_150,Laptop,Electronics,3,413.71,1241.13,East
ORD00093,2022-04-10,Customer_154,Laptop,Electronics,5,1723.8,8619.0,North
ORD00094,2022-05-02,Customer_11,Smartphone,Electronics,4,1371.25,5485.0,North
ORD00095,2022-09-19,Customer_33,Headphones,Accessories,3,1436.74,4310.22,East
ORD00096,2023-07-27,Customer_29,Tablet,Electronics,3,729.9,2189.7,South
ORD00097,2023-09-01,Customer_6,Tablet,Electronics,4,1884.02,7536.08,South
ORD00098,2023-11-29,Customer_56,Mouse,Accessories,2,1683.53,3367.06,North
ORD00099,2022-12-24,Customer_105,Laptop,Electronics,3,715.08,2145.24,South
ORD00100,2023-09-24,Customer_85,Monitor,Electronics,1,457.69,457.69,North
ORD00101,2022-11-23,Customer_51,Monitor,Electronics,2,552.99,1105.98,South
ORD00102,2023-09-05,Customer_14,Laptop,Electronics,4,391.16,1564.64,North
ORD00103,2022-07-24,Customer_178,Tablet,Electronics,1,1057.44,1057.44,East
ORD00104,2022-01-01,Customer_23,Headphones,Accessories,1,521.61,521.61,South
ORD00105,2023-04-27,Customer_30,Mouse,Accessories,4,1138.67,4554.68,North
ORD00106,2022-05-08,Customer_107,Smartphone,Electronics,3,417.98,1253.94,East
ORD00107,2023-10-16,Customer_104,Smartphone,Electronics,1,730.96,730.96,East
ORD00108,2023-02-23,Customer_114,Smartphone,Electronics,3,1719.83,5159.49,South
ORD00109,2022-03-02,Customer_3,Tablet,Electronics,1,1301.96,1301.96,West
ORD00110,2023-10-17,Customer_134,Mouse,Accessories,3,1874.49,5623.47,South
ORD00111,2023-04-19,Customer_84,Keyboard,Accessories,4,1802.18,7208.72,South
ORD00112,2023-04-17,Customer_76,Smartwatch,Wearables,4,1182.34,4729.36,South
ORD00113,2022-09-25,Customer_186,Keyboard,Accessories,1,1343.83,1343.83,South
ORD00114,2023-03-31,Customer_178,Smartwatch,Wearables,5,603.65,3018.25,North
ORD00115,2023-12-18,Customer_104,Tablet,Electronics,2,996.95,1993.9,West
ORD00116,2022-10-24,Customer_47,Monitor,Electronics,3,1321.32,3963.96,East
ORD00117,2022-06-30,Customer_60,Monitor,Electronics,1,393.05,393.05,North
ORD00118,2022-01-11,Customer_107,Mouse,Accessories,4,512.64,2050.56,East
ORD00119,2023-10-24,Customer_71,Smartwatch,Wearables,5,398.7,1993.5,East
ORD00120,2022-10-30,Customer_74,Mouse,Accessories,3,1332.35,3997.05,West
ORD00121,2023-08-06,Customer_94,Smartwatch,Wearables,1,1107.95,1107.95,West
ORD00122,2023-02-02,Customer_130,Keyboard,Accessories,3,767.05,2301.15,East
ORD00123,2022-07-17,Customer_74,Smartphone,Electronics,5,999.15,4995.75,East
ORD00124,2022-11-05,Customer_123,Headphones,Accessories,3,897.07,2691.21,West
ORD00125,2022-10-02,Customer_24,Smartphone,Electronics,5,1030.14,5150.7,East
ORD00126,2022-01-25,Customer_174,Smartwatch,Wearables,4,1354.4,5417.6,West
ORD00127,2023-03-03,Customer_90,Smartphone,Electronics,1,430.72,430.72,North
ORD00128,2022-06-22,Customer_74,Laptop,Electronics,5,1023.43,5117.15,West
ORD00129,2023-07-30,Customer_14,Smartphone,Electronics,4,97.42,389.68,East
ORD00130,2022-01-16,Customer_53,Keyboard,Accessories,1,135.03,135.03,West
ORD00131,2023-08-28,Customer_83,Laptop,Electronics,4,1883.89,7535.56,North
ORD00132,2022-01-19,Customer_126,Headphones,Accessories,5,595.14,2975.7,South
ORD00133,2022-12-27,Customer_112,Mouse,Accessories,3,1508.05,4524.15,East
ORD00134,2023-11-14,Customer_172,Mouse,Accessories,5,1860.22,9301.1,North
ORD00135,2022-11-26,Customer_60,Smartphone,Electronics,1,1127.89,1127.89,West
ORD00136,2022-03-28,Customer_1,Smartwatch,Wearables,3,1961.65,5884.95,East
ORD00137,2022-10-06,Customer_68,Monitor,Electronics,4,624.18,2496.72,West
ORD00138,2022-03-07,Customer_13,Mouse,Accessories,5,422.28,2111.4,South
ORD00139,2022-03-19,Customer_46,Mouse,Accessories,1,668.0,668.0,West
ORD00140,2022-04-07,Customer_109,Monitor,Electronics,2,1135.76,2271.52,West
ORD00141,2022-06-15,Customer_4,Keyboard,Accessories,2,1863.53,3727.06,East
ORD00142,2023-12-25,Customer_79,Headphones,Accessories,2,1249.26,2498.52,East
ORD00143,2022-01-05,Customer_33,Keyboard,Accessories,2,545.62,1091.24,South
ORD00144,2023-11-03,Customer_47,Tablet,Electronics,2,1760.88,3521.76,North
ORD00145,2022-03-17,Customer_50,Mouse,Accessories,1,1704.91,1704.91,East
ORD00146,2022-01-22,Customer_142,Mouse,Accessories,1,1419.84,1419.84,West
ORD00147,2022-09-27,Customer_117,Mouse,Accessories,5,628.19,3140.95,South
ORD00148,2022-12-09,Customer_184,Laptop,Electronics,2,1629.72,3259.44,West
ORD00149,2022-05-01,Customer_74,Smartphone,Electronics,1,1242.45,1242.45,East
ORD00150,2023-12-11,Customer_178,Tablet,Electronics,4,1047.12,4188.48,North
ORD00151,2022-09-26,Customer_91,Smartphone,Electronics,1,1274.39,1274.39,South
ORD00152,2023-01-16,Customer_162,Keyboard,Accessories,4,1317.43,5269.72,West
ORD00153,2023-01-02,Customer_101,Monitor,Electronics,4,1778.9,7115.6,South
ORD00154,2023-03-10,Customer_17,Smartwatch,Wearables,4,1178.79,4715.16,East
ORD00155,2023-05-20,Customer_163,Mouse,Accessories,3,957.92,2873.76,South
ORD00156,2022-12-02,Customer_89,Tablet,Electronics,5,1685.92,8429.6,West
ORD00157,2023-09-25,Customer_175,Smartphone,Electronics,2,109.48,218.96,West
ORD00158,2023-10-01,Customer_76,Headphones,Accessories,4,125.73,502.92,North
ORD00159,2023-05-06,Customer_171,Tablet,Electronics,3,297.77,893.31,East
ORD00160,2022-11-02,Customer_112,Mouse,Accessories,1,1664.34,1664.34,West
ORD00161,2022-10-25,Customer_134,Keyboard,Accessories,4,470.85,1883.4,North
ORD00162,2023-12-05,Customer_80,Smartwatch,Wearables,5,941.67,4708.35,North
ORD00163,2022-02-01,Customer_66,Headphones,Accessories,5,429.04,2145.2,East
ORD00164,2022-09-21,Customer_159,Headphones,Accessories,3,1292.99,3878.97,North
ORD00165,2022-10-22,Customer_15,Monitor,Electronics,4,308.85,1235.4,South
ORD00166,2022-03-24,Customer_59,Tablet,Electronics,2,1056.79,2113.58,North
ORD00167,2022-12-19,Customer_98,Keyboard,Accessories,3,1600.61,4801.83,West
ORD00168,2023-04-19,Customer_17,Keyboard,Accessories,3,905.99,2717.97,North
ORD00169,2023-04-08,Customer_65,Monitor,Electronics,2,99.43,198.86,North
ORD00170,2022-10-08,Customer_21,Smartphone,Electronics,5,207.7,1038.5,North
ORD00171,2022-01-08,Customer_83,Laptop,Electronics,1,1392.57,1392.57,East
ORD00172,2022-04-28,Customer_35,Laptop,Electronics,1,387.92,387.92,North
ORD00173,2022-01-29,Customer_172,Smartwatch,Wearables,1,912.59,912.59,South
ORD00174,2022-05-09,Customer_181,Tablet,Electronics,1,1337.38,1337.38,East
ORD00175,2023-12-20,Customer_123,Smartwatch,Wearables,5,1294.63,6473.15,North
ORD00176,2022-04-02,Customer_37,Headphones,Accessories,5,1488.9,7444.5,North
ORD00177,2023-12-15,Customer_183,Tablet,Electronics,5,1242.86,6214.3,West
ORD00178,2022-03-14,Customer_36,Headphones,Accessories,3,533.08,1599.24,West
ORD00179,2023-05-19,Customer_61,Monitor,Electronics,3,1527.8,4583.4,North
ORD00180,2022-12-06,Customer_126,Mouse,Accessories,1,716.67,716.67,West
ORD00181,2023-04-03,Customer_21,Tablet,Electronics,4,139.71,558.84,West
ORD00182,2023-12-25,Customer_179,Mouse,Accessories,1,657.26,657.26,South
ORD00183,2023-03-29,Customer_93,Mouse,Accessories,4,391.89,1567.56,North
ORD00184,2023-11-22,Customer_189,Headphones,Accessories,2,1538.56,3077.12,North
ORD00185,2023-11-18,Customer_167,Headphones,Accessories,5,973.27,4866.35,West
ORD00186,2023-02-24,Customer_124,Keyboard,Accessories,1,956.11,956.11,West
ORD00187,2022-12-19,Customer_33,Tablet,Electronics,5,827.08,4135.4,West
ORD00188,2023-12-21,Customer_166,Tablet,Electronics,2,1900.83,3801.66,North
ORD00189,2022-05-08,Customer_91,Smartphone,Electronics,4,138.34,553.36,North
ORD00190,2023-08-21,Customer_153,Headphones,Accessories,2,1270.43,2540.86,South
ORD00191,2022-12-20,Customer_66,Laptop,Electronics,2,1027.03,2054.06,South
ORD00192,2022-05-03,Customer_7,Smartphone,Electronics,5,1383.73,6918.65,East
ORD00193,2023-07-13,Customer_186,Headphones,Accessories,2,101.7,203.4,South
ORD00194,2022-01-10,Customer_80,Tablet,Electronics,3,1611.85,4835.55,South
ORD00195,2022-07-15,Customer_79,Keyboard,Accessories,4,806.93,3227.72,North
ORD00196,2022-11-28,Customer_84,Laptop,Electronics,4,300.58,1202.32,West
ORD00197,2022-07-06,Customer_141,Tablet,Electronics,5,1113.95,5569.75,North
ORD00198,2022-09-27,Customer_36,Monitor,Electronics,5,1270.58,6352.9,South
ORD00199,2023-11-30,Customer_51,Laptop,Electronics,1,1924.32,1924.32,East
ORD00200,2022-11-26,Customer_14,Headphones,Accessories,2,453.03,906.06,East
ORD00201,2023-08-11,Customer_186,Mouse,Accessories,5,185.25,926.25,South
ORD00202,2023-09-14,Customer_89,Keyboard,Accessories,2,125.98,251.96,South
ORD00203,2022-01-09,Customer_40,Mouse,Accessories,2,1381.86,2763.72,South
ORD00204,2022-03-30,Customer_95,Keyboard,Accessories,1,1328.66,1328.66,West
ORD00205,2023-11-28,Customer_107,Mouse,Accessories,5,1697.51,8487.55,East
ORD00206,2023-02-01,Customer_145,Smartwatch,Wearables,2,714.22,1428.44,South
ORD00207,2022-12-24,Customer_173,Laptop,Electronics,3,599.62,1798.86,North
ORD00208,2022-10-09,Customer_116,Smartwatch,Wearables,4,1401.14,5604.56,West
ORD00209,2023-01-15,Customer_5,Smartphone,Electronics,2,1276.44,2552.88,West
ORD00210,2022-02-05,Customer_54,Headphones,Accessories,5,126.41,632.05,West
ORD00211,2022-08-04,Customer_88,Mouse,Accessories,1,1616.79,1616.79,West
ORD00212,2023-06-03,Customer_73,Headphones,Accessories,1,1118.55,1118.55,North
ORD00213,2023-09-19,Customer_56,Tablet,Electronics,5,1513.7,7568.5,North
ORD00214,2022-07-18,Customer_89,Monitor,Electronics,3,1981.49,5944.47,West
ORD00215,2023-01-16,Customer_105,Tablet,Electronics,4,775.44,3101.76,East
ORD00216,2023-12-15,Customer_22,Monitor,Electronics,5,515.26,2576.3,South
ORD00217,2022-09-06,Customer_194,Smartphone,Electronics,5,1492.82,7464.1,East
ORD00218,2022-03-10,Customer_43,Headphones,Accessories,3,251.09,753.27,North
ORD00219,2022-04-11,Customer_168,Monitor,Electronics,1,1091.94,1091.94,West
ORD00220,2022-11-04,Customer_191,Tablet,Electronics,4,1661.59,6646.36,North
ORD00221,2022-03-15,Customer_194,Laptop,Electronics,5,1796.27,8981.35,West
ORD00222,2023-08-06,Customer_16,Mouse,Accessories,1,154.3,154.3,East
ORD00223,2023-11-12,Customer_28,Laptop,Electronics,5,1815.49,9077.45,East
ORD00224,2022-12-16,Customer_84,Keyboard,Accessories,4,742.07,2968.28,West
ORD00225,2023-10-22,Customer_55,Keyboard,Accessories,4,1902.62,7610.48,West
ORD00226,2022-03-25,Customer_38,Smartphone,Electronics,4,1168.2,4672.8,West
ORD00227,2022-01-30,Customer_157,Headphones,Accessories,5,228.82,1144.1,North
ORD00228,2022-01-17,Customer_178,Laptop,Electronics,4,690.9,2763.6,East
ORD00229,2022-10-29,Customer_48,Smartphone,Electronics,3,464.82,1394.46,East
ORD00230,2022-03-02,Customer_169,Tablet,Electronics,5,1593.58,7967.9,West
ORD00231,2023-11-11,Customer_194,Tablet,Electronics,1,271.26,271.26,North
ORD00232,2023-10-03,Customer_14,Tablet,Electronics,5,1014.12,5070.6,West
ORD00233,2022-10-29,Customer_63,Monitor,Electronics,2,910.98,1821.96,East
ORD00234,2023-04-28,Customer_55,Headphones,Accessories,5,734.28,3671.4,West
ORD00235,2022-02-01,Customer_3,Mouse,Accessories,2,1938.87,3877.74,West
ORD00236,2022-04-16,Customer_121,Monitor,Electronics,1,1534.95,1534.95,West
ORD00237,2023-03-28,Customer_190,Headphones,Accessories,4,1740.39,6961.56,West
ORD00238,2023-11-15,Customer_140,Smartwatch,Wearables,5,484.02,2420.1,West
ORD00239,2023-12-23,Customer_77,Mouse,Accessories,1,1652.63,1652.63,West
ORD00240,2023-08-27,Customer_79,Headphones,Accessories,2,335.88,671.76,East
ORD00241,2023-11-01,Customer_70,Keyboard,Accessories,5,215.43,1077.15,East
ORD00242,2023-02-12,Customer_199,Smartwatch,Wearables,3,1183.55,3550.65,West
ORD00243,2023-08-16,Customer_134,Smartwatch,Wearables,5,772.75,3863.75,East
ORD00244,2023-11-21,Customer_130,Smartwatch,Wearables,4,511.54,2046.16,East
ORD00245,2023-12-04,Customer_167,Mouse,Accessories,1,1204.18,1204.18,West
ORD00246,2022-05-25,Customer_84,Laptop,Electronics,4,783.71,3134.84,South
ORD00247,2022-09-24,Customer_102,Smartwatch,Wearables,3,1565.44,4696.32,South
ORD00248,2023-06-16,Customer_78,Smartphone,Electronics,3,535.01,1605.03,West
ORD00249,2022-08-09,Customer_8,Tablet,Electronics,3,266.84,800.52,South
ORD00250,2023-01-18,Customer_12,Monitor,Electronics,3,544.68,1634.04,West
ORD00251,2022-04-06,Customer_137,Smartphone,Electronics,2,963.89,1927.78,East
ORD00252,2022-12-25,Customer_27,Laptop,Electronics,2,1494.9,2989.8,South
ORD00253,2022-03-25,Customer_25,Headphones,Accessories,5,1654.44,8272.2,South
ORD00254,2023-06-16,Customer_174,Laptop,Electronics,1,1378.03,1378.03,South
ORD00255,2023-09-14,Customer_161,Laptop,Electronics,4,1926.24,7704.96,East
ORD00256,2022-12-02,Customer_190,Smartphone,Electronics,4,607.14,2428.56,West
ORD00257,2022-06-21,Customer_163,Tablet,Electronics,1,486.01,486.01,North
ORD00258,2023-09-26,Customer_192,Monitor,Electronics,2,73.7,147.4,West
ORD00259,2023-04-17,Customer_166,Keyboard,Accessories,5,134.16,670.8,South
ORD00260,2022-09-21,Customer_185,Monitor,Electronics,5,134.63,673.15,South
ORD00261,2022-10-12,Customer_100,Laptop,Electronics,5,1986.28,9931.4,South
ORD00262,2023-09-28,Customer_145,Headphones,Accessories,5,543.33,2716.65,West
ORD00263,2022-05-30,Customer_133,Headphones,Accessories,3,1940.14,5820.42,East
ORD00264,2022-06-02,Customer_102,Laptop,Electronics,2,374.12,748.24,South
ORD00265,2023-09-16,Customer_112,Keyboard,Accessories,1,1406.71,1406.71,East
ORD00266,2023-03-08,Customer_75,Mouse,Accessories,1,1273.74,1273.74,South
ORD00267,2022-05-18,Customer_12,Smartwatch,Wearables,3,1807.26,5421.78,South
ORD00268,2022-06-30,Customer_116,Smartphone,Electronics,1,1834.75,1834.75,West
ORD00269,2023-02-01,Customer_140,Headphones,Accessories,2,1903.3,3806.6,West
ORD00270,2022-03-22,Customer_152,Mouse,Accessories,4,258.17,1032.68,South
ORD00271,2023-07-23,Customer_112,Monitor,Electronics,5,590.89,2954.45,North
ORD00272,2023-08-24,Customer_1,Monitor,Electronics,4,1311.35,5245.4,East
ORD00273,2023-06-13,Customer_143,Smartphone,Electronics,2,497.32,994.64,West
ORD00274,2022-09-19,Customer_52,Smartwatch,Wearables,4,201.58,806.32,North
ORD00275,2023-01-25,Customer_15,Laptop,Electronics,1,556.9,556.9,North
ORD00276,2022-07-10,Customer_151,Mouse,Accessories,3,1411.42,4234.26,East
ORD00277,2023-02-20,Customer_14,Tablet,Electronics,1,595.54,595.54,East
ORD00278,2022-04-09,Customer_165,Laptop,Electronics,5,1636.9,8184.5,North
ORD00279,2023-10-26,Customer_189,Laptop,Electronics,4,578.37,2313.48,North
ORD00280,2023-10-04,Customer_59,Smartwatch,Wearables,5,1826.31,9131.55,South
ORD00281,2022-06-30,Customer_56,Smartwatch,Wearables,5,1884.04,9420.2,East
ORD00282,2022-04-30,Customer_199,Mouse,Accessories,3,1465.15,4395.45,West
ORD00283,2022-02-01,Customer_176,Laptop,Electronics,1,865.57,865.57,West
ORD00284,2023-05-13,Customer_144,Smartwatch,Wearables,2,1125.6,2251.2,North
ORD00285,2022-09-16,Customer_66,Keyboard,Accessories,5,101.42,507.1,South
ORD00286,2023-01-09,Customer_118,Mouse,Accessories,1,1566.32,1566.32,East
ORD00287,2022-05-09,Customer_12,Keyboard,Accessories,2,1975.19,3950.38,North
ORD00288,2022-04-19,Customer_165,Laptop,Electronics,1,784.64,784.64,South
ORD00289,2022-09-17,Customer_2,Smartwatch,Wearables,2,792.74,1585.48,East
ORD00290,2023-02-05,Customer_193,Mouse,Accessories,3,1692.13,5076.39,South
ORD00291,2023-04-25,Customer_20,Monitor,Electronics,5,173.85,869.25,East
ORD00292,2023-12-16,Customer_75,Keyboard,Accessories,1,858.9,858.9,West
ORD00293,2023-11-13,Customer_189,Smartwatch,Wearables,1,76.66,76.66,South
ORD00294,2023-03-22,Customer_154,Headphones,Accessories,4,1635.16,6540.64,North
ORD00295,2023-04-16,Customer_34,Keyboard,Accessories,5,1993.44,9967.2,West
ORD00296,2022-05-30,Customer_133,Monitor,Electronics,5,1191.04,5955.2,North
ORD00297,2022-05-23,Customer_147,Tablet,Electronics,5,1892.29,9461.45,South
ORD00298,2022-01-23,Customer_78,Headphones,Accessories,2,786.81,1573.62,East
ORD00299,2022-07-29,Customer_117,Keyboard,Accessories,5,928.56,4642.8,East
ORD00300,2023-07-21,Customer_145,Laptop,Electronics,1,1910.4,1910.4,South
ORD00301,2023-08-27,Customer_44,Headphones,Accessories,5,454.09,2270.45,North
ORD00302,2023-06-04,Customer_27,Tablet,Electronics,1,1359.82,1359.82,West
ORD00303,2023-10-31,Customer_67,Keyboard,Accessories,2,748.42,1496.84,West
ORD00304,2023-08-19,Customer_4,Smartphone,Electronics,2,1021.42,2042.84,East
ORD00305,2023-05-30,Customer_175,Laptop,Electronics,3,1064.32,3192.96,East
ORD00306,2023-01-13,Customer_77,Keyboard,Accessories,4,1641.95,6567.8,South
ORD00307,2022-09-10,Customer_39,Headphones,Accessories,4,1143.83,4575.32,East
ORD00308,2023-12-04,Customer_199,Mouse,Accessories,3,836.79,2510.37,South
ORD00309,2023-08-28,Customer_2,Smartphone,Electronics,5,1259.6,6298.0,East
ORD00310,2022-11-03,Customer_150,Keyboard,Accessories,2,1619.84,3239.68,East
ORD00311,2023-02-04,Customer_85,Monitor,Electronics,4,1961.9,7847.6,East
ORD00312,2022-03-09,Customer_165,Laptop,Electronics,2,1200.34,2400.68,North
ORD00313,2023-07-06,Customer_178,Keyboard,Accessories,3,227.45,682.35,East
ORD00314,2022-03-18,Customer_147,Keyboard,Accessories,2,729.1,1458.2,South
ORD00315,2022-01-05,Customer_79,Monitor,Electronics,1,1578.12,1578.12,North
ORD00316,2023-02-03,Customer_108,Smartphone,Electronics,4,631.02,2524.08,West
ORD00317,2022-03-02,Customer_194,Keyboard,Accessories,2,1731.61,3463.22,North
ORD00318,2022-08-27,Customer_118,Smartphone,Electronics,5,1603.12,8015.6,North
ORD00319,2023-08-12,Customer_31,Smartwatch,Wearables,2,1856.85,3713.7,South
ORD00320,2022-04-25,Customer_4,Smartwatch,Wearables,2,1549.39,3098.78,West
ORD00321,2022-09-17,Customer_124,Tablet,Electronics,4,945.31,3781.24,East
ORD00322,2023-05-06,Customer_135,Tablet,Electronics,2,1260.57,2521.14,South
ORD00323,2023-10-25,Customer_155,Smartwatch,Wearables,2,691.07,1382.14,North
ORD00324,2022-04-24,Customer_28,Keyboard,Accessories,3,1180.32,3540.96,North
ORD00325,2022-11-15,Customer_52,Smartwatch,Wearables,3,197.93,593.79,East
ORD00326,2023-05-28,Customer_158,Smartwatch,Wearables,1,947.23,947.23,North
ORD00327,2023-12-27,Customer_96,Keyboard,Accessories,3,320.71,962.13,East
ORD00328,2022-08-12,Customer_198,Mouse,Accessories,4,404.67,1618.68,North
ORD00329,2023-07-27,Customer_164,Headphones,Accessories,1,1798.74,1798.74,West
ORD00330,2022-04-07,Customer_196,Mouse,Accessories,3,1054.71,3164.13,North
ORD00331,2022-07-18,Customer_170,Headphones,Accessories,2,1223.77,2447.54,West
ORD00332,2023-03-13,Customer_151,Smartphone,Electronics,3,129.69,389.07,East
ORD00333,2023-07-16,Customer_124,Keyboard,Accessories,5,722.91,3614.55,West
ORD00334,2022-07-27,Customer_178,Smartwatch,Wearables,2,395.17,790.34,North
ORD00335,2022-06-16,Customer_168,Monitor,Electronics,5,1119.99,5599.95,South
ORD00336,2023-01-18,Customer_166,Smartphone,Electronics,5,948.52,4742.6,West
ORD00337,2022-01-06,Customer_23,Smartphone,Electronics,2,1793.72,3587.44,West
ORD00338,2022-07-13,Customer_101,Keyboard,Accessories,1,1031.66,1031.66,North
ORD00339,2023-12-05,Customer_72,Laptop,Electronics,5,677.09,3385.45,North
ORD00340,2023-07-17,Customer_52,Laptop,Electronics,2,1608.85,3217.7,East
ORD00341,2023-03-19,Customer_141,Mouse,Accessories,1,1391.18,1391.18,East
ORD00342,2023-06-06,Customer_7,Smartphone,Electronics,3,1845.7,5537.1,East
ORD00343,2022-02-07,Customer_18,Tablet,Electronics,5,55.06,275.3,East
ORD00344,2022-06-27,Customer_138,Smartphone,Electronics,4,1622.09,6488.36,West
ORD00345,2023-08-16,Customer_67,Smartwatch,Wearables,1,1214.69,1214.69,East
ORD00346,2023-07-02,Customer_44,Keyboard,Accessories,4,458.23,1832.92,East
ORD00347,2023-02-09,Customer_51,Headphones,Accessories,2,1531.91,3063.82,North
ORD00348,2023-05-06,Customer_140,Keyboard,Accessories,2,1507.57,3015.14,East
ORD00349,2022-04-27,Customer_25,Smartwatch,Wearables,3,542.25,1626.75,East
ORD00350,2023-11-05,Customer_199,Keyboard,Accessories,3,1795.65,5386.95,West
ORD00351,2022-10-16,Customer_137,Keyboard,Accessories,3,1087.62,3262.86,South
ORD00352,2023-03-03,Customer_54,Headphones,Accessories,5,1741.07,8705.35,West
ORD00353,2023-10-10,Customer_20,Smartphone,Electronics,3,824.47,2473.41,East
ORD00354,2022-07-01,Customer_5,Headphones,Accessories,1,1487.94,1487.94,South
ORD00355,2023-03-16,Customer_126,Laptop,Electronics,4,89.14,356.56,North
ORD00356,2023-10-14,Customer_99,Headphones,Accessories,1,1689.38,1689.38,North
ORD00357,2023-02-21,Customer_125,Tablet,Electronics,2,1093.9,2187.8,East
ORD00358,2022-12-06,Customer_158,Monitor,Electronics,1,1786.53,1786.53,North
ORD00359,2023-07-10,Customer_74,Monitor,Electronics,4,974.24,3896.96,North
ORD00360,2023-11-20,Customer_185,Headphones,Accessories,2,1588.88,3177.76,West
ORD00361,2022-10-20,Customer_41,Headphones,Accessories,5,985.19,4925.95,East
ORD00362,2022-06-04,Customer_185,Smartphone,Electronics,4,1097.36,4389.44,North
ORD00363,2023-09-01,Customer_176,Laptop,Electronics,2,1137.6,2275.2,West
ORD00364,2022-01-20,Customer_81,Monitor,Electronics,1,1150.69,1150.69,West
ORD00365,2023-04-23,Customer_88,Smartphone,Electronics,2,603.36,1206.72,West
ORD00366,2022-04-07,Customer_137,Tablet,Electronics,4,1309.54,5238.16,East
ORD00367,2022-05-31,Customer_62,Smartwatch,Wearables,2,526.49,1052.98,East
ORD00368,2023-10-07,Customer_135,Monitor,Electronics,3,1973.7,5921.1,North
ORD00369,2023-04-23,Customer_171,Tablet,Electronics,5,1870.7,9353.5,North
ORD00370,2023-12-12,Customer_193,Mouse,Accessories,5,248.48,1242.4,South
ORD00371,2022-04-08,Customer_89,Smartwatch,Wearables,4,1709.09,6836.36,North
ORD00372,2022-03-19,Customer_177,Monitor,Electronics,1,206.46,206.46,South
ORD00373,2023-04-25,Customer_156,Keyboard,Accessories,3,85.57,256.71,East
ORD00374,2022-03-06,Customer_64,Smartwatch,Wearables,5,1965.64,9828.2,South
ORD00375,2023-04-15,Customer_10,Keyboard,Accessories,2,1173.2,2346.4,West
ORD00376,2022-09-25,Customer_153,Headphones,Accessories,3,1737.74,5213.22,West
ORD00377,2022-07-04,Customer_74,Tablet,Electronics,1,1006.96,1006.96,West
ORD00378,2022-09-27,Customer_126,Laptop,Electronics,3,1650.68,4952.04,East
ORD00379,2022-12-10,Customer_11,Keyboard,Accessories,2,1135.69,2271.38,East
ORD00380,2023-07-05,Customer_145,Keyboard,Accessories,2,595.96,1191.92,East
ORD00381,2023-07-13,Customer_46,Mouse,Accessories,4,449.9,1799.6,West
ORD00382,2023-11-11,Customer_29,Laptop,Electronics,2,681.17,1362.34,South
ORD00383,2023-07-16,Customer_111,Headphones,Accessories,3,439.04,1317.12,South
ORD00384,2023-02-27,Customer_103,Smartphone,Electronics,4,522.7,2090.8,South
ORD00385,2022-08-28,Customer_84,Smartphone,Electronics,1,1240.71,1240.71,South
ORD00386,2023-03-08,Customer_108,Headphones,Accessories,5,1036.9,5184.5,West
ORD00387,2022-07-28,Customer_34,Keyboard,Accessories,4,675.25,2701.0,North
ORD00388,2022-06-16,Customer_180,Keyboard,Accessories,3,151.06,453.18,South
ORD00389,2022-07-05,Customer_146,Keyboard,Accessories,2,935.82,1871.64,East
ORD00390,2022-10-11,Customer_18,Headphones,Accessories,5,173.58,867.9,West
ORD00391,2022-02-03,Customer_47,Monitor,Electronics,4,443.37,1773.48,South
ORD00392,2022-12-14,Customer_86,Headphones,Accessories,2,221.34,442.68,West
ORD00393,2022-07-09,Customer_30,Mouse,Accessories,5,55.29,276.45,South
ORD00394,2023-07-08,Customer_65,Keyboard,Accessories,1,1211.5,1211.5,South
ORD00395,2023-10-28,Customer_95,Headphones,Accessories,3,730.29,2190.87,East
ORD00396,2022-11-10,Customer_32,Keyboard,Accessories,1,1708.92,1708.92,North
ORD00397,2023-08-24,Customer_184,Smartphone,Electronics,4,1931.8,7727.2,North
ORD00398,2023-05-02,Customer_125,Monitor,Electronics,5,1475.19,7375.95,South
ORD00399,2022-11-28,Customer_14,Keyboard,Accessories,1,449.75,449.75,South
ORD00400,2023-10-02,Customer_37,Laptop,Electronics,3,179.67,539.01,South
ORD00401,2023-05-04,Customer_136,Tablet,Electronics,4,1691.57,6766.28,South
ORD00402,2023-03-09,Customer_27,Tablet,Electronics,3,1600.77,4802.31,South
ORD00403,2022-01-20,Customer_128,Smartwatch,Wearables,4,369.13,1476.52,North
ORD00404,2023-06-07,Customer_108,Mouse,Accessories,5,413.49,2067.45,South
ORD00405,2023-05-17,Customer_123,Smartphone,Electronics,3,1347.13,4041.39,South
ORD00406,2022-12-14,Customer_187,Headphones,Accessories,2,1820.34,3640.68,South
ORD00407,2023-06-18,Customer_13,Headphones,Accessories,1,1760.54,1760.54,East
ORD00408,2023-12-03,Customer_23,Laptop,Electronics,1,1381.82,1381.82,East
ORD00409,2022-09-17,Customer_88,Smartphone,Electronics,3,1267.0,3801.0,East
ORD00410,2023-09-24,Customer_64,Smartphone,Electronics,1,1507.84,1507.84,West
ORD00411,2022-03-11,Customer_43,Mouse,Accessories,1,502.81,502.81,South
ORD00412,2023-08-30,Customer_40,Keyboard,Accessories,1,813.39,813.39,South
ORD00413,2023-07-14,Customer_171,Headphones,Accessories,2,1109.93,2219.86,East
ORD00414,2023-06-06,Customer_190,Smartphone,Electronics,3,1108.56,3325.68,East
ORD00415,2023-01-25,Customer_80,Smartwatch,Wearables,3,1274.03,3822.09,West
ORD00416,2023-09-28,Customer_47,Tablet,Electronics,2,321.58,643.16,North
ORD00417,2022-04-25,Customer_48,Smartwatch,Wearables,5,1016.08,5080.4,South
ORD00418,2022-05-21,Customer_51,Tablet,Electronics,3,1587.76,4763.28,East
ORD00419,2023-08-31,Customer_57,Smartwatch,Wearables,1,657.86,657.86,East
ORD00420,2022-09-21,Customer_36,Smartwatch,Wearables,5,1568.22,7841.1,North
ORD00421,2022-06-07,Customer_28,Headphones,Accessories,1,115.39,115.39,East
ORD00422,2022-12-08,Customer_96,Smartphone,Electronics,2,1536.79,3073.58,West
ORD00423,2023-02-22,Customer_125,Keyboard,Accessories,3,1521.54,4564.62,West
ORD00424,2023-01-25,Customer_103,Smartphone,Electronics,5,265.73,1328.65,North
ORD00425,2023-08-08,Customer_129,Tablet,Electronics,4,941.15,3764.6,South
ORD00426,2022-07-31,Customer_2,Tablet,Electronics,4,824.71,3298.84,West
ORD00427,2023-11-21,Customer_54,Monitor,Electronics,5,1102.73,5513.65,North
ORD00428,2023-06-20,Customer_182,Keyboard,Accessories,5,497.04,2485.2,West
ORD00429,2022-02-08,Customer_7,Mouse,Accessories,4,1555.17,6220.68,North
ORD00430,2022-07-10,Customer_41,Mouse,Accessories,3,1300.24,3900.72,South
ORD00431,2023-08-04,Customer_127,Keyboard,Accessories,3,1152.74,3458.22,South
ORD00432,2022-05-27,Customer_162,Tablet,Electronics,2,541.01,1082.02,North
ORD00433,2023-07-10,Customer_65,Keyboard,Accessories,5,1662.26,8311.3,South
ORD00434,2023-04-08,Customer_30,Keyboard,Accessories,2,717.92,1435.84,West
ORD00435,2022-09-21,Customer_5,Keyboard,Accessories,2,1897.2,3794.4,West
ORD00436,2022-02-24,Customer_170,Smartwatch,Wearables,4,1828.11,7312.44,West
ORD00437,2022-04-13,Customer_71,Keyboard,Accessories,2,1242.34,2484.68,North
ORD00438,2022-04-03,Customer_85,Mouse,Accessories,4,1206.28,4825.12,North
ORD00439,2022-12-07,Customer_159,Monitor,Electronics,4,1152.01,4608.04,East
ORD00440,2023-05-18,Customer_10,Headphones,Accessories,4,1590.67,6362.68,East
ORD00441,2023-12-28,Customer_35,Tablet,Electronics,5,1429.12,7145.6,North
ORD00442,2023-09-16,Customer_181,Smartphone,Electronics,2,1553.93,3107.86,North
ORD00443,2022-04-09,Customer_125,Smartwatch,Wearables,2,184.4,368.8,South
ORD00444,2022-03-06,Customer_71,Keyboard,Accessories,3,1486.07,4458.21,South
ORD00445,2022-08-15,Customer_52,Laptop,Electronics,1,1854.86,1854.86,North
ORD00446,2022-03-03,Customer_58,Smartphone,Electronics,1,270.81,270.81,East
ORD00447,2023-12-15,Customer_72,Keyboard,Accessories,5,372.76,1863.8,North
ORD00448,2023-03-16,Customer_90,Keyboard,Accessories,4,293.09,1172.36,South
ORD00449,2022-09-24,Customer_28,Laptop,Electronics,1,697.69,697.69,East
ORD00450,2023-03-05,Customer_54,Mouse,Accessories,3,1202.99,3608.97,East
ORD00451,2022-08-11,Customer_58,Laptop,Electronics,5,789.65,3948.25,North
ORD00452,2023-09-11,Customer_82,Smartwatch,Wearables,5,703.63,3518.15,South
ORD00453,2023-12-26,Customer_64,Tablet,Electronics,4,1586.19,6344.76,West
ORD00454,2023-06-29,Customer_9,Laptop,Electronics,2,700.32,1400.64,East
ORD00455,2023-05-15,Customer_114,Tablet,Electronics,4,1097.92,4391.68,North
ORD00456,2022-03-11,Customer_40,Smartphone,Electronics,3,1849.77,5549.31,West
ORD00457,2023-09-21,Customer_97,Smartphone,Electronics,2,987.63,1975.26,West
ORD00458,2022-05-23,Customer_41,Tablet,Electronics,3,931.82,2795.46,South
ORD00459,2023-11-30,Customer_39,Mouse,Accessories,3,114.05,342.15,South
ORD00460,2022-01-23,Customer_169,Smartphone,Electronics,3,324.67,974.01,North
ORD00461,2023-12-19,Customer_61,Smartphone,Electronics,1,1021.82,1021.82,West
ORD00462,2022-04-23,Customer_26,Laptop,Electronics,5,1833.95,9169.75,South
ORD00463,2022-03-01,Customer_85,Keyboard,Accessories,1,1571.97,1571.97,South
ORD00464,2023-07-07,Customer_80,Smartphone,Electronics,3,1282.92,3848.76,East
ORD00465,2023-07-31,Customer_43,Mouse,Accessories,4,464.73,1858.92,West
ORD00466,2023-03-27,Customer_154,Smartphone,Electronics,1,397.17,397.17,South
ORD00467,2022-03-08,Customer_181,Headphones,Accessories,4,945.03,3780.12,West
ORD00468,2023-06-12,Customer_181,Smartphone,Electronics,4,858.52,3434.08,North
ORD00469,2022-11-04,Customer_117,Smartphone,Electronics,4,1093.39,4373.56,North
ORD00470,2023-09-15,Customer_22,Mouse,Accessories,1,634.21,634.21,East
ORD00471,2022-04-13,Customer_153,Tablet,Electronics,5,824.77,4123.85,South
ORD00472,2022-06-21,Customer_172,Monitor,Electronics,3,459.32,1377.96,North
ORD00473,2023-11-01,Customer_14,Keyboard,Accessories,3,731.3,2193.9,East
ORD00474,2023-12-16,Customer_51,Monitor,Electronics,5,1268.7,6343.5,South
ORD00475,2023-07-28,Customer_56,Smartwatch,Wearables,5,970.53,4852.65,South
ORD00476,2023-05-17,Customer_49,Mouse,Accessories,3,178.13,534.39,East
ORD00477,2022-11-19,Customer_99,Keyboard,Accessories,3,933.91,2801.73,East
ORD00478,2023-01-11,Customer_5,Keyboard,Accessories,2,1092.19,2184.38,West
ORD00479,2022-02-09,Customer_101,Tablet,Electronics,1,831.49,831.49,West
ORD00480,2023-07-23,Customer_3,Keyboard,Accessories,3,352.72,1058.16,West
ORD00481,2023-01-03,Customer_43,Headphones,Accessories,1,702.01,702.01,West
ORD00482,2023-03-26,Customer_180,Keyboard,Accessories,3,777.95,2333.85,West
ORD00483,2022-08-27,Customer_156,Mouse,Accessories,2,1799.99,3599.98,North
ORD00484,2022-01-01,Customer_10,Laptop,Electronics,2,847.03,1694.06,North
ORD00485,2023-04-12,Customer_31,Keyboard,Accessories,4,1687.59,6750.36,West
ORD00486,2023-10-23,Customer_134,Tablet,Electronics,5,845.57,4227.85,West
ORD00487,2023-02-28,Customer_159,Headphones,Accessories,1,482.85,482.85,West
ORD00488,2022-05-30,Customer_191,Laptop,Electronics,3,1035.74,3107.22,West
ORD00489,2023-09-22,Customer_178,Mouse,Accessories,1,1609.84,1609.84,West
ORD00490,2022-07-21,Customer_191,Smartwatch,Wearables,3,1780.55,5341.65,West
ORD00491,2023-03-14,Customer_67,Mouse,Accessories,4,514.46,2057.84,East
ORD00492,2023-09-26,Customer_92,Smartphone,Electronics,2,1620.36,3240.72,West
ORD00493,2022-09-22,Customer_159,Monitor,Electronics,3,1927.17,5781.51,West
ORD00494,2022-01-25,Customer_121,Smartwatch,Wearables,4,1352.77,5411.08,South
ORD00495,2023-02-05,Customer_144,Keyboard,Accessories,5,842.47,4212.35,East
ORD00496,2023-10-17,Customer_153,Smartwatch,Wearables,2,75.35,150.7,North
ORD00497,2022-12-18,Customer_157,Smartwatch,Wearables,1,455.38,455.38,North
ORD00498,2023-10-11,Customer_106,Headphones,Accessories,3,289.41,868.23,East
ORD00499,2023-10-29,Customer_98,Keyboard,Accessories,3,1186.93,3560.79,North
ORD00500,2022-04-26,Customer_187,Monitor,Electronics,4,1422.69,5690.76,East
ORD00501,2023-07-18,Customer_77,Laptop,Electronics,1,1644.01,1644.01,North
ORD00502,2023-10-18,Customer_16,Smartwatch,Wearables,4,704.94,2819.76,West
ORD00503,2023-06-14,Customer_48,Keyboard,Accessories,2,757.97,1515.94,West
ORD00504,2023-05-23,Customer_182,Tablet,Electronics,4,1669.78,6679.12,South
ORD00505,2022-05-29,Customer_78,Monitor,Electronics,5,848.35,4241.75,South
ORD00506,2022-06-21,Customer_117,Monitor,Electronics,1,900.45,900.45,North
ORD00507,2023-08-22,Customer_47,Monitor,Electronics,4,478.05,1912.2,East
ORD00508,2022-08-03,Customer_104,Smartwatch,Wearables,2,1539.03,3078.06,East
ORD00509,2022-09-15,Customer_86,Laptop,Electronics,1,1743.51,1743.51,West
ORD00510,2023-05-05,Customer_21,Mouse,Accessories,3,1794.38,5383.14,East
ORD00511,2022-08-18,Customer_136,Mouse,Accessories,1,995.32,995.32,East
ORD00512,2022-03-19,Customer_86,Mouse,Accessories,1,573.92,573.92,North
ORD00513,2023-10-28,Customer_128,Laptop,Electronics,2,1285.28,2570.56,East
ORD00514,2022-11-17,Customer_139,Laptop,Electronics,1,321.74,321.74,South
ORD00515,2023-11-28,Customer_169,Tablet,Electronics,3,872.32,2616.96,West
ORD00516,2022-04-20,Customer_162,Keyboard,Accessories,2,1075.1,2150.2,South
ORD00517,2022-03-15,Customer_195,Headphones,Accessories,5,1397.88,6989.4,East
ORD00518,2023-05-31,Customer_130,Smartwatch,Wearables,5,85.86,429.3,North
ORD00519,2022-05-20,Customer_125,Laptop,Electronics,2,1082.84,2165.68,West
ORD00520,2022-11-03,Customer_16,Mouse,Accessories,2,1174.21,2348.42,East
ORD00521,2022-12-18,Customer_179,Laptop,Electronics,2,1130.65,2261.3,West
ORD00522,2022-11-01,Customer_187,Tablet,Electronics,1,1020.06,1020.06,East
ORD00523,2023-08-24,Customer_150,Mouse,Accessories,4,452.52,1810.08,West
ORD00524,2022-11-24,Customer_166,Monitor,Electronics,2,323.04,646.08,East
ORD00525,2022-01-28,Customer_175,Mouse,Accessories,3,1805.04,5415.12,North
ORD00526,2023-11-22,Customer_189,Tablet,Electronics,3,1214.96,3644.88,North
ORD00527,2023-04-28,Customer_167,Keyboard,Accessories,4,1284.54,5138.16,East
ORD00528,2023-06-28,Customer_91,Smartwatch,Wearables,5,391.97,1959.85,East
ORD00529,2022-02-11,Customer_187,Headphones,Accessories,5,1684.31,8421.55,West
ORD00530,2023-06-29,Customer_181,Headphones,Accessories,5,797.12,3985.6,North
ORD00531,2022-07-05,Customer_164,Keyboard,Accessories,2,872.97,1745.94,South
ORD00532,2023-05-31,Customer_98,Laptop,Electronics,2,374.25,748.5,North
ORD00533,2022-04-30,Customer_144,Headphones,Accessories,3,409.52,1228.56,East
ORD00534,2022-04-02,Customer_37,Smartwatch,Wearables,5,1226.15,6130.75,West
ORD00535,2023-03-05,Customer_159,Laptop,Electronics,2,183.09,366.18,West
ORD00536,2022-03-24,Customer_167,Keyboard,Accessories,3,612.95,1838.85,West
ORD00537,2023-10-21,Customer_86,Smartphone,Electronics,4,1452.14,5808.56,South
ORD00538,2023-04-19,Customer_153,Mouse,Accessories,3,1901.15,5703.45,South
ORD00539,2023-12-11,Customer_100,Monitor,Electronics,5,993.32,4966.6,West
ORD00540,2022-11-18,Customer_35,Keyboard,Accessories,2,110.81,221.62,West
ORD00541,2022-03-12,Customer_92,Headphones,Accessories,4,365.93,1463.72,West
ORD00542,2023-02-12,Customer_133,Smartwatch,Wearables,4,150.28,601.12,South
ORD00543,2022-07-02,Customer_134,Smartwatch,Wearables,3,1213.84,3641.52,West
ORD00544,2022-01-13,Customer_112,Headphones,Accessories,2,1265.5,2531.0,South
ORD00545,2022-03-10,Customer_14,Monitor,Electronics,2,257.87,515.74,East
ORD00546,2023-01-21,Customer_118,Laptop,Electronics,1,735.5,735.5,South
ORD00547,2023-03-20,Customer_163,Tablet,Electronics,1,1016.21,1016.21,North
ORD00548,2022-08-15,Customer_60,Smartphone,Electronics,3,1216.66,3649.98,West
ORD00549,2023-11-22,Customer_12,Smartphone,Electronics,1,530.48,530.48,West
ORD00550,2023-12-08,Customer_181,Monitor,Electronics,3,201.64,604.92,West
ORD00551,2023-01-05,Customer_142,Tablet,Electronics,4,1404.66,5618.64,North
ORD00552,2022-09-22,Customer_187,Smartphone,Electronics,2,251.03,502.06,West
ORD00553,2022-07-15,Customer_7,Keyboard,Accessories,5,228.59,1142.95,North
ORD00554,2023-04-11,Customer_13,Monitor,Electronics,3,1926.09,5778.27,South
ORD00555,2022-09-01,Customer_132,Keyboard,Accessories,1,1902.96,1902.96,West
ORD00556,2023-03-17,Customer_34,Monitor,Electronics,1,411.01,411.01,West
ORD00557,2022-12-07,Customer_60,Mouse,Accessories,3,1477.84,4433.52,North
ORD00558,2022-08-02,Customer_74,Tablet,Electronics,5,1530.12,7650.6,West
ORD00559,2023-04-10,Customer_24,Tablet,Electronics,5,1399.94,6999.7,East
ORD00560,2022-08-22,Customer_133,Laptop,Electronics,1,1811.56,1811.56,East
ORD00561,2022-04-13,Customer_176,Smartphone,Electronics,4,481.36,1925.44,North
ORD00562,2022-10-29,Customer_102,Smartphone,Electronics,2,150.61,301.22,South
ORD00563,2023-04-21,Customer_2,Smartwatch,Wearables,2,126.88,253.76,West
ORD00564,2023-10-31,Customer_14,Smartphone,Electronics,2,1197.11,2394.22,North
ORD00565,2022-03-21,Customer_129,Monitor,Electronics,1,402.12,402.12,South
ORD00566,2022-06-13,Customer_77,Mouse,Accessories,5,972.76,4863.8,East
ORD00567,2022-01-13,Customer_14,Keyboard,Accessories,5,1475.5,7377.5,East
ORD00568,2023-03-16,Customer_147,Tablet,Electronics,3,1852.57,5557.71,East
ORD00569,2022-04-20,Customer_87,Monitor,Electronics,2,872.44,1744.88,South
ORD00570,2023-01-24,Customer_14,Monitor,Electronics,5,974.72,4873.6,South
ORD00571,2022-12-30,Customer_21,Monitor,Electronics,4,1696.87,6787.48,North
ORD00572,2022-12-21,Customer_62,Tablet,Electronics,2,1068.75,2137.5,East
ORD00573,2022-08-06,Customer_38,Laptop,Electronics,1,1317.83,1317.83,West
ORD00574,2023-12-27,Customer_62,Monitor,Electronics,3,1143.32,3429.96,East
ORD00575,2023-09-25,Customer_10,Mouse,Accessories,5,200.06,1000.3,West
ORD00576,2022-11-14,Customer_17,Laptop,Electronics,5,1084.02,5420.1,North
ORD00577,2022-12-01,Customer_93,Smartwatch,Wearables,2,1463.3,2926.6,East
ORD00578,2023-04-25,Customer_172,Laptop,Electronics,4,1166.23,4664.92,West
ORD00579,2022-11-13,Customer_9,Smartwatch,Wearables,1,1099.88,1099.88,North
ORD00580,2022-07-20,Customer_61,Tablet,Electronics,1,1488.82,1488.82,North
ORD00581,2022-05-05,Customer_19,Smartphone,Electronics,1,1777.66,1777.66,West
ORD00582,2022-07-03,Customer_80,Smartphone,Electronics,2,1759.5,3519.0,West
ORD00583,2022-04-12,Customer_94,Headphones,Accessories,2,97.58,195.16,East
ORD00584,2022-12-26,Customer_99,Smartphone,Electronics,2,1981.17,3962.34,South
ORD00585,2023-09-21,Customer_77,Mouse,Accessories,3,1755.67,5267.01,South
ORD00586,2023-06-08,Customer_82,Keyboard,Accessories,5,798.73,3993.65,West
ORD00587,2023-04-29,Customer_159,Smartphone,Electronics,3,186.56,559.68,East
ORD00588,2023-12-22,Customer_66,Smartphone,Electronics,4,152.73,610.92,South
ORD00589,2022-06-02,Customer_170,Headphones,Accessories,1,833.77,833.77,East
ORD00590,2022-10-17,Customer_26,Smartphone,Electronics,5,985.57,4927.85,West
ORD00591,2022-07-09,Customer_5,Headphones,Accessories,4,1968.96,7875.84,West
ORD00592,2022-01-11,Customer_129,Smartphone,Electronics,2,228.81,457.62,North
ORD00593,2023-01-31,Customer_32,Smartphone,Electronics,4,1488.29,5953.16,East
ORD00594,2023-10-19,Customer_50,Laptop,Electronics,1,265.42,265.42,North
ORD00595,2023-01-06,Customer_118,Monitor,Electronics,2,627.8,1255.6,East
ORD00596,2022-03-26,Customer_96,Keyboard,Accessories,5,132.08,660.4,North
ORD00597,2023-09-04,Customer_79,Tablet,Electronics,1,1825.16,1825.16,North
ORD00598,2022-10-13,Customer_85,Keyboard,Accessories,1,263.46,263.46,North
ORD00599,2022-08-22,Customer_19,Tablet,Electronics,1,1375.31,1375.31,East
ORD00600,2023-05-29,Customer_175,Tablet,Electronics,4,1915.01,7660.04,South
ORD00601,2022-10-07,Customer_166,Keyboard,Accessories,5,1583.37,7916.85,West
ORD00602,2023-06-01,Customer_121,Keyboard,Accessories,3,1197.68,3593.04,West
ORD00603,2022-10-14,Customer_54,Laptop,Electronics,3,1812.26,5436.78,North
ORD00604,2023-06-23,Customer_187,Smartphone,Electronics,2,375.72,751.44,West
ORD00605,2022-09-22,Customer_71,Headphones,Accessories,4,176.72,706.88,North
ORD00606,2022-09-13,Customer_44,Laptop,Electronics,4,1683.76,6735.04,West
ORD00607,2023-08-04,Customer_18,Keyboard,Accessories,5,1669.75,8348.75,North
ORD00608,2022-12-22,Customer_63,Monitor,Electronics,2,141.54,283.08,South
ORD00609,2023-11-09,Customer_170,Laptop,Electronics,1,479.95,479.95,North
ORD00610,2022-06-19,Customer_49,Tablet,Electronics,1,1916.68,1916.68,North
ORD00611,2023-12-25,Customer_34,Tablet,Electronics,5,162.79,813.95,North
ORD00612,2023-02-23,Customer_38,Smartwatch,Wearables,1,1060.61,1060.61,West
ORD00613,2022-07-25,Customer_58,Smartwatch,Wearables,4,1990.07,7960.28,North
ORD00614,2022-06-28,Customer_22,Laptop,Electronics,5,557.46,2787.3,East
ORD00615,2022-04-27,Customer_132,Monitor,Electronics,3,1528.57,4585.71,West
ORD00616,2023-03-15,Customer_8,Mouse,Accessories,1,350.1,350.1,West
ORD00617,2022-12-01,Customer_52,Tablet,Electronics,3,487.66,1462.98,South
ORD00618,2022-07-18,Customer_157,Laptop,Electronics,5,1097.1,5485.5,East
ORD00619,2022-09-04,Customer_195,Monitor,Electronics,1,1795.1,1795.1,West
ORD00620,2023-11-08,Customer_68,Smartphone,Electronics,5,228.4,1142.0,East
ORD00621,2023-04-01,Customer_43,Headphones,Accessories,1,812.78,812.78,North
ORD00622,2022-12-24,Customer_170,Headphones,Accessories,3,302.55,907.65,East
ORD00623,2022-01-16,Customer_190,Smartphone,Electronics,1,136.53,136.53,South
ORD00624,2022-09-04,Customer_122,Laptop,Electronics,2,1731.15,3462.3,West
ORD00625,2023-12-05,Customer_5,Keyboard,Accessories,1,691.65,691.65,South
ORD00626,2022-11-08,Customer_134,Headphones,Accessories,1,1124.17,1124.17,South
ORD00627,2023-09-23,Customer_186,Keyboard,Accessories,3,598.71,1796.13,East
ORD00628,2022-10-26,Customer_145,Headphones,Accessories,4,776.74,3106.96,East
ORD00629,2023-12-16,Customer_119,Headphones,Accessories,3,1460.67,4382.01,South
ORD00630,2022-09-06,Customer_177,Headphones,Accessories,2,1088.57,2177.14,South
ORD00631,2023-08-28,Customer_127,Headphones,Accessories,5,479.36,2396.8,North
ORD00632,2022-02-08,Customer_10,Monitor,Electronics,5,1794.24,8971.2,North
ORD00633,2022-10-24,Customer_111,Smartwatch,Wearables,5,1709.85,8549.25,South
ORD00634,2022-02-04,Customer_68,Mouse,Accessories,5,987.14,4935.7,West
ORD00635,2023-09-01,Customer_92,Tablet,Electronics,5,1817.7,9088.5,West
ORD00636,2022-07-05,Customer_14,Headphones,Accessories,3,728.23,2184.69,South
ORD00637,2022-11-03,Customer_168,Laptop,Electronics,2,1110.37,2220.74,South
ORD00638,2022-07-22,Customer_62,Headphones,Accessories,5,570.71,2853.55,West
ORD00639,2023-11-28,Customer_119,Mouse,Accessories,3,1742.91,5228.73,East
ORD00640,2022-07-20,Customer_117,Mouse,Accessories,4,1708.63,6834.52,West
ORD00641,2023-04-30,Customer_139,Keyboard,Accessories,3,362.78,1088.34,South
ORD00642,2023-12-04,Customer_169,Mouse,Accessories,5,1682.18,8410.9,South
ORD00643,2023-06-12,Customer_62,Laptop,Electronics,1,1863.68,1863.68,West
ORD00644,2023-08-31,Customer_104,Headphones,Accessories,4,1256.29,5025.16,South
ORD00645,2023-12-07,Customer_94,Keyboard,Accessories,4,359.28,1437.12,West
ORD00646,2022-09-16,Customer_7,Monitor,Electronics,3,1924.56,5773.68,South
ORD00647,2023-01-07,Customer_108,Smartphone,Electronics,1,107.03,107.03,South
ORD00648,2023-07-19,Customer_21,Laptop,Electronics,2,301.3,602.6,East
ORD00649,2023-08-31,Customer_67,Smartwatch,Wearables,3,495.82,1487.46,South
ORD00650,2023-12-03,Customer_83,Tablet,Electronics,2,1645.04,3290.08,West
ORD00651,2023-09-07,Customer_115,Mouse,Accessories,5,1039.56,5197.8,West
ORD00652,2023-05-05,Customer_87,Keyboard,Accessories,2,609.72,1219.44,South
ORD00653,2022-07-20,Customer_30,Keyboard,Accessories,3,1963.31,5889.93,North
ORD00654,2022-07-06,Customer_8,Keyboard,Accessories,1,275.9,275.9,North
ORD00655,2023-09-14,Customer_186,Smartphone,Electronics,2,1286.31,2572.62,South
ORD00656,2022-11-26,Customer_32,Monitor,Electronics,5,1570.7,7853.5,South
ORD00657,2022-09-17,Customer_109,Smartphone,Electronics,3,1534.0,4602.0,East
ORD00658,2023-11-23,Customer_148,Smartwatch,Wearables,2,892.87,1785.74,East
ORD00659,2022-12-25,Customer_40,Monitor,Electronics,2,716.65,1433.3,South
ORD00660,2022-10-22,Customer_142,Laptop,Electronics,4,400.02,1600.08,North
ORD00661,2023-12-29,Customer_4,Smartwatch,Wearables,5,249.89,1249.45,West
ORD00662,2022-08-12,Customer_126,Headphones,Accessories,4,388.82,1555.28,East
ORD00663,2022-04-16,Customer_147,Laptop,Electronics,4,182.28,729.12,West
ORD00664,2022-03-27,Customer_125,Headphones,Accessories,3,374.44,1123.32,South
ORD00665,2023-12-24,Customer_44,Smartwatch,Wearables,4,181.33,725.32,West
ORD00666,2022-11-08,Customer_24,Smartwatch,Wearables,2,973.47,1946.94,East
ORD00667,2023-07-01,Customer_70,Monitor,Electronics,2,195.65,391.3,East
ORD00668,2023-11-08,Customer_92,Monitor,Electronics,2,1749.5,3499.0,East
ORD00669,2023-09-29,Customer_69,Keyboard,Accessories,5,919.62,4598.1,South
ORD00670,2023-06-22,Customer_123,Smartwatch,Wearables,3,303.67,911.01,South
ORD00671,2023-03-17,Customer_168,Monitor,Electronics,5,798.04,3990.2,West
ORD00672,2022-07-08,Customer_13,Keyboard,Accessories,5,93.14,465.7,West
ORD00673,2023-11-21,Customer_140,Monitor,Electronics,3,542.39,1627.17,East
ORD00674,2023-08-08,Customer_147,Headphones,Accessories,2,359.93,719.86,East
ORD00675,2022-04-29,Customer_189,Smartwatch,Wearables,2,1994.39,3988.78,South
ORD00676,2023-11-19,Customer_136,Headphones,Accessories,1,249.28,249.28,West
ORD00677,2023-11-30,Customer_169,Smartwatch,Wearables,1,369.07,369.07,South
ORD00678,2023-01-21,Customer_54,Smartwatch,Wearables,5,1402.68,7013.4,North
ORD00679,2023-08-08,Customer_117,Smartwatch,Wearables,4,1687.9,6751.6,East
ORD00680,2022-03-23,Customer_100,Smartwatch,Wearables,4,1326.3,5305.2,East
ORD00681,2023-11-02,Customer_152,Monitor,Electronics,3,1742.71,5228.13,South
ORD00682,2023-03-04,Customer_76,Laptop,Electronics,4,111.04,444.16,West
ORD00683,2022-05-31,Customer_21,Keyboard,Accessories,5,1890.05,9450.25,South
ORD00684,2022-03-04,Customer_118,Keyboard,Accessories,5,1295.13,6475.65,North
ORD00685,2023-01-05,Customer_76,Laptop,Electronics,3,584.72,1754.16,North
ORD00686,2023-09-14,Customer_174,Smartphone,Electronics,3,658.31,1974.93,West
ORD00687,2023-07-05,Customer_122,Laptop,Electronics,2,1793.49,3586.98,West
ORD00688,2022-06-10,Customer_52,Keyboard,Accessories,2,465.55,931.1,South
ORD00689,2022-11-26,Customer_141,Smartwatch,Wearables,1,1320.75,1320.75,West
ORD00690,2023-03-13,Customer_119,Laptop,Electronics,4,1147.36,4589.44,West
ORD00691,2022-05-29,Customer_14,Headphones,Accessories,4,972.76,3891.04,West
ORD00692,2022-03-19,Customer_163,Smartphone,Electronics,4,411.77,1647.08,North
ORD00693,2022-02-25,Customer_89,Smartwatch,Wearables,1,227.77,227.77,East
ORD00694,2023-03-10,Customer_159,Smartwatch,Wearables,3,1697.33,5091.99,East
ORD00695,2022-05-23,Customer_194,Keyboard,Accessories,4,84.83,339.32,West
ORD00696,2022-10-26,Customer_53,Smartwatch,Wearables,5,305.93,1529.65,North
ORD00697,2022-01-20,Customer_179,Headphones,Accessories,5,1828.08,9140.4,West
ORD00698,2022-05-08,Customer_6,Keyboard,Accessories,2,1252.47,2504.94,South
ORD00699,2023-02-08,Customer_152,Tablet,Electronics,1,52.4,52.4,East
ORD00700,2023-01-06,Customer_194,Keyboard,Accessories,1,1234.25,1234.25,North
ORD00701,2022-07-30,Customer_99,Headphones,Accessories,4,889.1,3556.4,West
ORD00702,2023-04-28,Customer_131,Mouse,Accessories,1,363.61,363.61,North
ORD00703,2023-12-16,Customer_139,Keyboard,Accessories,5,574.54,2872.7,East
ORD00704,2022-01-01,Customer_130,Monitor,Electronics,3,1969.49,5908.47,South
ORD00705,2022-12-15,Customer_53,Smartphone,Electronics,1,72.66,72.66,North
ORD00706,2023-02-26,Customer_138,Tablet,Electronics,2,1376.89,2753.78,East
ORD00707,2022-05-13,Customer_169,Monitor,Electronics,2,985.88,1971.76,West
ORD00708,2023-06-04,Customer_132,Headphones,Accessories,3,1405.21,4215.63,East
ORD00709,2022-09-15,Customer_89,Keyboard,Accessories,1,1907.66,1907.66,East
ORD00710,2022-08-22,Customer_148,Smartphone,Electronics,1,127.26,127.26,South
ORD00711,2023-02-27,Customer_73,Headphones,Accessories,3,254.61,763.83,East
ORD00712,2023-09-01,Customer_24,Laptop,Electronics,1,250.45,250.45,North
ORD00713,2023-05-29,Customer_93,Mouse,Accessories,4,1419.81,5679.24,South
ORD00714,2022-05-09,Customer_74,Keyboard,Accessories,2,1562.82,3125.64,East
ORD00715,2023-05-06,Customer_180,Tablet,Electronics,2,686.6,1373.2,South
ORD00716,2022-02-28,Customer_117,Smartwatch,Wearables,2,1091.77,2183.54,West
ORD00717,2023-05-17,Customer_198,Tablet,Electronics,1,733.72,733.72,North
ORD00718,2022-03-30,Customer_123,Headphones,Accessories,1,1657.8,1657.8,West
ORD00719,2022-01-20,Customer_178,Headphones,Accessories,2,824.0,1648.0,West
ORD00720,2022-04-25,Customer_186,Headphones,Accessories,2,1956.06,3912.12,East
ORD00721,2022-11-02,Customer_43,Smartwatch,Wearables,2,1394.46,2788.92,West
ORD00722,2023-11-09,Customer_45,Monitor,Electronics,2,1651.81,3303.62,West
ORD00723,2022-02-05,Customer_75,Laptop,Electronics,2,376.59,753.18,South
ORD00724,2023-03-26,Customer_128,Smartphone,Electronics,1,1905.52,1905.52,South
ORD00725,2023-02-21,Customer_125,Laptop,Electronics,5,1427.63,7138.15,South
ORD00726,2023-07-04,Customer_18,Mouse,Accessories,1,1875.61,1875.61,North
ORD00727,2022-12-10,Customer_7,Smartwatch,Wearables,1,1432.67,1432.67,North
ORD00728,2022-06-30,Customer_18,Keyboard,Accessories,2,1269.34,2538.68,South
ORD00729,2023-09-25,Customer_170,Smartphone,Electronics,4,711.93,2847.72,West
ORD00730,2023-11-04,Customer_57,Laptop,Electronics,3,994.58,2983.74,South
ORD00731,2023-03-26,Customer_177,Mouse,Accessories,3,1794.89,5384.67,East
ORD00732,2023-05-19,Customer_166,Headphones,Accessories,4,1215.08,4860.32,North
ORD00733,2022-01-01,Customer_41,Laptop,Electronics,2,987.76,1975.52,North
ORD00734,2023-06-17,Customer_89,Smartphone,Electronics,1,369.8,369.8,North
ORD00735,2022-09-17,Customer_55,Tablet,Electronics,3,1463.41,4390.23,East
ORD00736,2022-04-15,Customer_178,Monitor,Electronics,4,531.85,2127.4,South
ORD00737,2023-07-13,Customer_92,Laptop,Electronics,5,984.59,4922.95,South
ORD00738,2023-07-24,Customer_44,Laptop,Electronics,3,477.47,1432.41,West
ORD00739,2022-04-23,Customer_114,Headphones,Accessories,4,1501.34,6005.36,South
ORD00740,2022-02-08,Customer_82,Smartwatch,Wearables,5,1589.91,7949.55,East
ORD00741,2022-12-21,Customer_56,Mouse,Accessories,3,365.26,1095.78,South
ORD00742,2023-11-04,Customer_150,Keyboard,Accessories,2,1323.86,2647.72,West
ORD00743,2023-05-24,Customer_159,Smartphone,Electronics,5,1992.85,9964.25,West
ORD00744,2023-08-05,Customer_60,Smartwatch,Wearables,1,1011.89,1011.89,North
ORD00745,2023-12-25,Customer_49,Laptop,Electronics,4,439.11,1756.44,East
ORD00746,2022-02-04,Customer_97,Laptop,Electronics,3,480.09,1440.27,East
ORD00747,2022-09-09,Customer_135,Laptop,Electronics,1,1688.88,1688.88,South
ORD00748,2022-08-26,Customer_177,Headphones,Accessories,1,1743.13,1743.13,South
ORD00749,2022-11-24,Customer_95,Laptop,Electronics,2,1498.28,2996.56,West
ORD00750,2022-05-29,Customer_167,Laptop,Electronics,4,1276.09,5104.36,South
ORD00751,2022-08-28,Customer_73,Laptop,Electronics,4,773.53,3094.12,South
ORD00752,2022-07-20,Customer_123,Smartphone,Electronics,4,1034.45,4137.8,West
ORD00753,2023-08-11,Customer_55,Headphones,Accessories,2,1740.71,3481.42,West
ORD00754,2022-06-29,Customer_148,Keyboard,Accessories,1,905.3,905.3,North
ORD00755,2023-09-15,Customer_120,Keyboard,Accessories,5,821.25,4106.25,West
ORD00756,2023-07-14,Customer_151,Mouse,Accessories,4,1753.18,7012.72,West
ORD00757,2022-01-25,Customer_128,Smartwatch,Wearables,2,1596.26,3192.52,East
ORD00758,2023-08-15,Customer_189,Smartphone,Electronics,2,1984.66,3969.32,North
ORD00759,2022-06-10,Customer_87,Mouse,Accessories,2,1829.11,3658.22,North
ORD00760,2023-10-24,Customer_146,Monitor,Electronics,4,798.5,3194.0,East
ORD00761,2022-07-03,Customer_29,Smartphone,Electronics,2,1281.54,2563.08,North
ORD00762,2022-05-04,Customer_176,Tablet,Electronics,1,306.56,306.56,North
ORD00763,2023-03-26,Customer_26,Laptop,Electronics,4,1822.61,7290.44,South
ORD00764,2023-08-26,Customer_67,Monitor,Electronics,2,513.21,1026.42,North
ORD00765,2022-12-12,Customer_59,Monitor,Electronics,2,402.91,805.82,South
ORD00766,2022-08-23,Customer_186,Smartphone,Electronics,5,184.81,924.05,North
ORD00767,2022-02-18,Customer_90,Smartwatch,Wearables,1,532.1,532.1,South
ORD00768,2022-07-09,Customer_98,Smartphone,Electronics,4,839.79,3359.16,West
ORD00769,2022-01-23,Customer_91,Headphones,Accessories,1,1342.11,1342.11,West
ORD00770,2023-03-21,Customer_46,Keyboard,Accessories,1,812.61,812.61,South
ORD00771,2022-08-26,Customer_6,Headphones,Accessories,1,828.14,828.14,North
ORD00772,2022-11-29,Customer_65,Tablet,Electronics,3,1330.64,3991.92,South
ORD00773,2022-04-25,Customer_134,Mouse,Accessories,1,1558.27,1558.27,East
ORD00774,2022-08-02,Customer_116,Headphones,Accessories,4,1941.15,7764.6,East
ORD00775,2022-06-23,Customer_45,Smartwatch,Wearables,3,1773.23,5319.69,South
ORD00776,2023-01-31,Customer_120,Headphones,Accessories,2,925.12,1850.24,South
ORD00777,2022-08-08,Customer_124,Keyboard,Accessories,4,1666.32,6665.28,West
ORD00778,2022-12-01,Customer_60,Mouse,Accessories,1,926.4,926.4,North
ORD00779,2023-05-21,Customer_8,Monitor,Electronics,3,1899.74,5699.22,North
ORD00780,2022-12-12,Customer_61,Mouse,Accessories,1,375.73,375.73,South
ORD00781,2022-02-08,Customer_161,Monitor,Electronics,4,789.75,3159.0,East
ORD00782,2023-05-25,Customer_19,Monitor,Electronics,3,1485.98,4457.94,East
ORD00783,2022-10-22,Customer_139,Tablet,Electronics,5,1090.35,5451.75,East
ORD00784,2023-01-02,Customer_143,Mouse,Accessories,1,1696.13,1696.13,North
ORD00785,2023-10-28,Customer_109,Smartphone,Electronics,4,920.42,3681.68,South
ORD00786,2022-03-14,Customer_105,Mouse,Accessories,4,1102.82,4411.28,South
ORD00787,2023-10-03,Customer_181,Laptop,Electronics,4,576.01,2304.04,West
ORD00788,2023-08-15,Customer_135,Smartwatch,Wearables,2,289.79,579.58,South
ORD00789,2023-12-19,Customer_93,Monitor,Electronics,5,1876.38,9381.9,West
ORD00790,2023-10-18,Customer_185,Headphones,Accessories,5,1298.01,6490.05,South
ORD00791,2023-09-23,Customer_161,Monitor,Electronics,3,931.79,2795.37,East
ORD00792,2022-12-03,Customer_122,Keyboard,Accessories,5,222.68,1113.4,North
ORD00793,2022-02-07,Customer_38,Monitor,Electronics,1,1039.11,1039.11,West
ORD00794,2022-12-09,Customer_96,Smartwatch,Wearables,4,339.27,1357.08,North
ORD00795,2023-04-09,Customer_41,Smartwatch,Wearables,5,985.8,4929.0,East
ORD00796,2023-08-13,Customer_75,Monitor,Electronics,3,59.63,178.89,South
ORD00797,2022-10-07,Customer_124,Smartwatch,Wearables,2,680.1,1360.2,North
ORD00798,2023-10-01,Customer_91,Smartphone,Electronics,5,1742.44,8712.2,West
ORD00799,2023-06-13,Customer_75,Smartwatch,Wearables,3,1003.25,3009.75,West
ORD00800,2023-12-24,Customer_183,Monitor,Electronics,4,1087.88,4351.52,West
ORD00801,2023-04-17,Customer_62,Headphones,Accessories,5,329.91,1649.55,West
ORD00802,2022-12-23,Customer_64,Headphones,Accessories,2,443.61,887.22,East
ORD00803,2022-03-07,Customer_126,Smartwatch,Wearables,2,417.28,834.56,South
ORD00804,2022-05-05,Customer_192,Tablet,Electronics,5,915.31,4576.55,East
ORD00805,2023-03-10,Customer_191,Tablet,Electronics,5,1928.53,9642.65,West
ORD00806,2022-05-30,Customer_89,Smartwatch,Wearables,2,1340.18,2680.36,North
ORD00807,2023-02-02,Customer_25,Smartphone,Electronics,2,779.88,1559.76,South
ORD00808,2022-06-12,Customer_171,Keyboard,Accessories,2,526.09,1052.18,West
ORD00809,2023-12-09,Customer_19,Smartwatch,Wearables,2,1744.36,3488.72,East
ORD00810,2022-12-09,Customer_177,Smartwatch,Wearables,1,109.25,109.25,South
ORD00811,2023-01-02,Customer_14,Headphones,Accessories,1,1394.58,1394.58,West
ORD00812,2023-08-18,Customer_180,Tablet,Electronics,1,1221.19,1221.19,West
ORD00813,2023-04-25,Customer_26,Tablet,Electronics,5,1350.59,6752.95,South
ORD00814,2023-06-26,Customer_75,Laptop,Electronics,1,257.86,257.86,East
ORD00815,2023-11-22,Customer_84,Headphones,Accessories,4,360.61,1442.44,North
ORD00816,2023-09-06,Customer_145,Tablet,Electronics,1,1739.56,1739.56,West
ORD00817,2022-10-04,Customer_82,Smartwatch,Wearables,1,1747.97,1747.97,West
ORD00818,2023-11-06,Customer_122,Keyboard,Accessories,1,226.44,226.44,West
ORD00819,2022-05-28,Customer_192,Laptop,Electronics,1,262.76,262.76,North
ORD00820,2023-02-17,Customer_24,Monitor,Electronics,2,838.07,1676.14,South
ORD00821,2022-04-18,Customer_108,Keyboard,Accessories,4,1351.81,5407.24,South
ORD00822,2023-09-18,Customer_24,Mouse,Accessories,2,1536.46,3072.92,South
ORD00823,2023-07-09,Customer_161,Mouse,Accessories,1,668.53,668.53,East
ORD00824,2023-06-09,Customer_116,Monitor,Electronics,5,1644.78,8223.9,East
ORD00825,2022-08-31,Customer_108,Headphones,Accessories,1,690.34,690.34,South
ORD00826,2022-05-06,Customer_169,Headphones,Accessories,1,764.6,764.6,South
ORD00827,2023-09-21,Customer_33,Smartphone,Electronics,5,791.82,3959.1,East
ORD00828,2022-07-09,Customer_186,Tablet,Electronics,5,924.95,4624.75,East
ORD00829,2023-06-21,Customer_46,Tablet,Electronics,1,1114.09,1114.09,West
ORD00830,2023-12-09,Customer_195,Keyboard,Accessories,3,493.18,1479.54,East
ORD00831,2023-05-22,Customer_18,Monitor,Electronics,2,1194.77,2389.54,East
ORD00832,2022-07-08,Customer_84,Headphones,Accessories,2,1530.72,3061.44,North
ORD00833,2023-02-12,Customer_122,Headphones,Accessories,1,790.58,790.58,West
ORD00834,2022-09-21,Customer_50,Smartwatch,Wearables,2,1905.38,3810.76,North
ORD00835,2023-01-21,Customer_5,Monitor,Electronics,2,984.4,1968.8,South
ORD00836,2023-04-06,Customer_69,Smartwatch,Wearables,5,1636.84,8184.2,East
ORD00837,2022-10-26,Customer_56,Laptop,Electronics,1,791.38,791.38,North
ORD00838,2022-08-29,Customer_200,Tablet,Electronics,2,1076.92,2153.84,West
ORD00839,2022-04-20,Customer_2,Tablet,Electronics,4,979.56,3918.24,West
ORD00840,2022-11-02,Customer_20,Smartphone,Electronics,3,1541.52,4624.56,East
ORD00841,2023-09-16,Customer_21,Mouse,Accessories,2,1445.21,2890.42,West
ORD00842,2023-11-10,Customer_49,Smartphone,Electronics,3,85.55,256.65,South
ORD00843,2023-11-28,Customer_120,Mouse,Accessories,3,64.75,194.25,East
ORD00844,2023-07-10,Customer_1,Keyboard,Accessories,5,1801.16,9005.8,West
ORD00845,2022-02-28,Customer_28,Smartphone,Electronics,1,1326.65,1326.65,South
ORD00846,2022-03-19,Customer_54,Keyboard,Accessories,3,167.52,502.56,North
ORD00847,2023-09-20,Customer_80,Monitor,Electronics,5,984.41,4922.05,North
ORD00848,2022-10-19,Customer_121,Headphones,Accessories,3,247.77,743.31,East
ORD00849,2022-02-18,Customer_41,Tablet,Electronics,5,1253.84,6269.2,West
ORD00850,2022-12-25,Customer_184,Headphones,Accessories,5,605.5,3027.5,East
ORD00851,2023-12-08,Customer_178,Smartphone,Electronics,3,1862.73,5588.19,North
ORD00852,2022-01-04,Customer_1,Tablet,Electronics,4,1101.36,4405.44,East
ORD00853,2023-11-24,Customer_56,Keyboard,Accessories,2,1240.15,2480.3,East
ORD00854,2022-06-23,Customer_197,Headphones,Accessories,2,829.82,1659.64,West
ORD00855,2023-04-13,Customer_139,Mouse,Accessories,5,856.42,4282.1,West
ORD00856,2023-08-28,Customer_157,Mouse,Accessories,1,1068.84,1068.84,North
ORD00857,2023-05-13,Customer_13,Keyboard,Accessories,4,403.8,1615.2,West
ORD00858,2022-11-30,Customer_71,Monitor,Electronics,5,409.94,2049.7,East
ORD00859,2023-02-15,Customer_64,Monitor,Electronics,1,1156.26,1156.26,East
ORD00860,2022-07-25,Customer_156,Monitor,Electronics,2,1839.62,3679.24,West
ORD00861,2023-07-04,Customer_163,Smartphone,Electronics,4,992.91,3971.64,East
ORD00862,2022-07-16,Customer_171,Smartwatch,Wearables,1,778.34,778.34,West
ORD00863,2022-01-14,Customer_193,Keyboard,Accessories,5,1284.65,6423.25,West
ORD00864,2022-07-04,Customer_80,Laptop,Electronics,3,55.04,165.12,North
ORD00865,2022-11-16,Customer_99,Smartwatch,Wearables,5,1774.2,8871.0,West
ORD00866,2023-07-05,Customer_74,Smartphone,Electronics,1,1597.8,1597.8,South
ORD00867,2022-02-05,Customer_129,Smartwatch,Wearables,2,390.81,781.62,East
ORD00868,2022-04-19,Customer_187,Laptop,Electronics,1,1687.73,1687.73,South
ORD00869,2022-06-14,Customer_133,Tablet,Electronics,1,511.9,511.9,West
ORD00870,2022-01-31,Customer_85,Smartwatch,Wearables,5,639.02,3195.1,North
ORD00871,2022-11-11,Customer_107,Headphones,Accessories,3,1709.79,5129.37,East
ORD00872,2023-07-01,Customer_160,Laptop,Electronics,2,1628.58,3257.16,East
ORD00873,2022-01-07,Customer_101,Smartwatch,Wearables,3,1266.53,3799.59,South
ORD00874,2022-07-22,Customer_96,Tablet,Electronics,1,876.69,876.69,North
ORD00875,2023-07-31,Customer_13,Monitor,Electronics,5,377.63,1888.15,West
ORD00876,2022-01-08,Customer_32,Tablet,Electronics,3,1745.06,5235.18,North
ORD00877,2023-08-16,Customer_78,Monitor,Electronics,1,472.64,472.64,North
ORD00878,2023-03-03,Customer_173,Laptop,Electronics,1,397.97,397.97,North
ORD00879,2023-12-26,Customer_169,Monitor,Electronics,5,1301.84,6509.2,North
ORD00880,2022-07-29,Customer_46,Smartphone,Electronics,4,452.06,1808.24,East
ORD00881,2022-08-08,Customer_66,Headphones,Accessories,3,502.3,1506.9,North
ORD00882,2023-10-11,Customer_161,Laptop,Electronics,5,1209.23,6046.15,West
ORD00883,2022-03-01,Customer_185,Keyboard,Accessories,1,1976.18,1976.18,South
ORD00884,2022-05-20,Customer_78,Smartphone,Electronics,3,1214.24,3642.72,East
ORD00885,2023-03-23,Customer_147,Headphones,Accessories,2,838.42,1676.84,West
ORD00886,2022-08-03,Customer_19,Smartphone,Electronics,5,1449.32,7246.6,East
ORD00887,2022-08-20,Customer_138,Keyboard,Accessories,1,80.85,80.85,East
ORD00888,2022-11-23,Customer_2,Laptop,Electronics,4,1646.48,6585.92,North
ORD00889,2023-01-27,Customer_93,Mouse,Accessories,4,1462.46,5849.84,South
ORD00890,2022-03-02,Customer_200,Smartphone,Electronics,2,1815.77,3631.54,East
ORD00891,2022-08-05,Customer_92,Smartwatch,Wearables,5,204.87,1024.35,South
ORD00892,2022-12-23,Customer_108,Headphones,Accessories,5,1793.67,8968.35,East
ORD00893,2023-04-11,Customer_2,Keyboard,Accessories,3,832.32,2496.96,West
ORD00894,2023-06-16,Customer_74,Monitor,Electronics,1,491.98,491.98,North
ORD00895,2023-08-19,Customer_169,Smartphone,Electronics,1,1253.45,1253.45,West
ORD00896,2022-11-19,Customer_137,Keyboard,Accessories,5,1062.17,5310.85,North
ORD00897,2023-01-05,Customer_7,Smartphone,Electronics,2,1355.73,2711.46,East
ORD00898,2023-01-09,Customer_97,Laptop,Electronics,4,505.74,2022.96,East
ORD00899,2023-06-29,Customer_53,Tablet,Electronics,5,578.74,2893.7,North
ORD00900,2023-07-15,Customer_165,Smartphone,Electronics,2,1376.26,2752.52,East
ORD00901,2023-12-12,Customer_173,Tablet,Electronics,4,682.45,2729.8,West
ORD00902,2022-10-16,Customer_14,Smartwatch,Wearables,3,421.13,1263.39,West
ORD00903,2022-05-29,Customer_29,Keyboard,Accessories,2,1988.57,3977.14,North
ORD00904,2023-11-08,Customer_109,Monitor,Electronics,2,757.74,1515.48,North
ORD00905,2023-12-05,Customer_123,Headphones,Accessories,3,1474.77,4424.31,North
ORD00906,2023-04-01,Customer_66,Keyboard,Accessories,4,167.28,669.12,West
ORD00907,2023-04-27,Customer_193,Mouse,Accessories,4,223.1,892.4,South
ORD00908,2022-03-26,Customer_182,Headphones,Accessories,5,391.84,1959.2,East
ORD00909,2023-01-23,Customer_24,Headphones,Accessories,1,382.43,382.43,East
ORD00910,2023-01-05,Customer_121,Monitor,Electronics,2,238.52,477.04,West
ORD00911,2022-10-06,Customer_119,Mouse,Accessories,1,1652.52,1652.52,East
ORD00912,2022-10-08,Customer_190,Monitor,Electronics,4,727.76,2911.04,East
ORD00913,2023-05-11,Customer_102,Tablet,Electronics,4,1963.41,7853.64,West
ORD00914,2022-12-02,Customer_161,Smartphone,Electronics,3,1858.0,5574.0,South
ORD00915,2023-12-12,Customer_68,Tablet,Electronics,5,283.67,1418.35,West
ORD00916,2023-03-06,Customer_7,Headphones,Accessories,3,347.21,1041.63,South
ORD00917,2023-05-07,Customer_153,Smartphone,Electronics,5,1487.5,7437.5,East
ORD00918,2023-11-21,Customer_178,Mouse,Accessories,4,525.13,2100.52,North
ORD00919,2023-01-29,Customer_141,Keyboard,Accessories,5,231.21,1156.05,East
ORD00920,2023-10-16,Customer_143,Headphones,Accessories,2,1586.41,3172.82,North
ORD00921,2023-08-23,Customer_14,Headphones,Accessories,1,1236.55,1236.55,South
ORD00922,2022-10-06,Customer_56,Monitor,Electronics,4,1574.95,6299.8,East
ORD00923,2022-04-29,Customer_154,Headphones,Accessories,2,173.06,346.12,West
ORD00924,2022-01-13,Customer_143,Smartphone,Electronics,4,641.1,2564.4,North
ORD00925,2023-12-11,Customer_62,Tablet,Electronics,2,716.27,1432.54,West
ORD00926,2023-01-01,Customer_44,Mouse,Accessories,1,220.9,220.9,East
ORD00927,2023-01-08,Customer_100,Smartwatch,Wearables,3,516.16,1548.48,East
ORD00928,2022-08-25,Customer_82,Mouse,Accessories,1,645.77,645.77,West
ORD00929,2022-01-20,Customer_141,Laptop,Electronics,4,595.42,2381.68,North
ORD00930,2022-11-14,Customer_69,Keyboard,Accessories,2,1221.16,2442.32,South
ORD00931,2022-10-03,Customer_102,Smartphone,Electronics,3,1583.24,4749.72,West
ORD00932,2023-06-04,Customer_55,Tablet,Electronics,4,1710.28,6841.12,South
ORD00933,2023-04-19,Customer_52,Mouse,Accessories,2,1027.25,2054.5,North
ORD00934,2023-11-20,Customer_69,Smartwatch,Wearables,1,276.91,276.91,West
ORD00935,2022-09-04,Customer_23,Monitor,Electronics,2,1274.5,2549.0,South
ORD00936,2022-02-08,Customer_141,Mouse,Accessories,2,1742.71,3485.42,East
ORD00937,2023-09-14,Customer_21,Monitor,Electronics,3,1590.56,4771.68,South
ORD00938,2023-08-12,Customer_198,Smartphone,Electronics,4,1646.53,6586.12,West
ORD00939,2022-08-11,Customer_8,Smartphone,Electronics,5,94.64,473.2,West
ORD00940,2022-04-06,Customer_121,Tablet,Electronics,3,1405.15,4215.45,West
ORD00941,2022-03-30,Customer_106,Smartwatch,Wearables,2,1916.78,3833.56,North
ORD00942,2022-11-11,Customer_176,Headphones,Accessories,2,1299.9,2599.8,East
ORD00943,2022-06-06,Customer_195,Headphones,Accessories,1,1171.57,1171.57,North
ORD00944,2022-07-20,Customer_25,Mouse,Accessories,5,1730.93,8654.65,North
ORD00945,2023-02-13,Customer_161,Mouse,Accessories,4,1232.42,4929.68,West
ORD00946,2023-09-16,Customer_112,Headphones,Accessories,1,1232.19,1232.19,North
ORD00947,2023-04-07,Customer_188,Smartphone,Electronics,5,669.19,3345.95,East
ORD00948,2022-02-05,Customer_74,Monitor,Electronics,3,827.39,2482.17,East
ORD00949,2023-12-03,Customer_60,Tablet,Electronics,1,1349.3,1349.3,East
ORD00950,2023-07-28,Customer_90,Headphones,Accessories,2,182.94,365.88,South
ORD00951,2022-03-11,Customer_62,Smartwatch,Wearables,2,1036.91,2073.82,West
ORD00952,2022-12-31,Customer_1,Tablet,Electronics,4,205.93,823.72,West
ORD00953,2022-05-24,Customer_96,Laptop,Electronics,4,1933.35,7733.4,East
ORD00954,2023-01-16,Customer_66,Monitor,Electronics,4,658.04,2632.16,North
ORD00955,2023-04-09,Customer_152,Keyboard,Accessories,4,907.05,3628.2,South
ORD00956,2023-11-05,Customer_102,Headphones,Accessories,4,1710.32,6841.28,North
ORD00957,2023-03-26,Customer_170,Laptop,Electronics,5,84.49,422.45,North
ORD00958,2023-05-14,Customer_55,Mouse,Accessories,2,1317.89,2635.78,West
ORD00959,2022-05-09,Customer_133,Headphones,Accessories,3,803.6,2410.8,North
ORD00960,2023-02-03,Customer_132,Mouse,Accessories,5,1572.49,7862.45,West
ORD00961,2022-06-30,Customer_111,Keyboard,Accessories,2,462.92,925.84,East
ORD00962,2023-05-14,Customer_193,Headphones,Accessories,3,1520.79,4562.37,West
ORD00963,2022-10-26,Customer_167,Smartphone,Electronics,1,889.16,889.16,South
ORD00964,2022-06-19,Customer_103,Keyboard,Accessories,1,327.39,327.39,South
ORD00965,2023-08-25,Customer_87,Headphones,Accessories,1,1576.26,1576.26,North
ORD00966,2022-02-02,Customer_68,Laptop,Electronics,3,396.64,1189.92,South
ORD00967,2022-12-05,Customer_114,Headphones,Accessories,4,1255.2,5020.8,South
ORD00968,2023-09-17,Customer_138,Smartwatch,Wearables,4,1993.56,7974.24,South
ORD00969,2023-03-23,Customer_121,Mouse,Accessories,1,503.66,503.66,West
ORD00970,2022-11-09,Customer_133,Laptop,Electronics,4,647.19,2588.76,South
ORD00971,2022-10-30,Customer_147,Smartwatch,Wearables,4,1328.66,5314.64,South
ORD00972,2022-06-28,Customer_194,Monitor,Electronics,2,304.89,609.78,East
ORD00973,2022-10-24,Customer_55,Keyboard,Accessories,4,839.36,3357.44,East
ORD00974,2022-05-11,Customer_126,Tablet,Electronics,5,740.76,3703.8,East
ORD00975,2023-07-07,Customer_85,Mouse,Accessories,3,857.55,2572.65,North
ORD00976,2022-05-21,Customer_103,Laptop,Electronics,5,804.8,4024.0,West
ORD00977,2023-10-30,Customer_9,Tablet,Electronics,5,71.51,357.55,West
ORD00978,2023-04-15,Customer_184,Monitor,Electronics,2,310.92,621.84,South
ORD00979,2022-10-11,Customer_144,Smartphone,Electronics,5,87.42,437.1,North
ORD00980,2022-04-13,Customer_174,Keyboard,Accessories,5,1532.57,7662.85,South
ORD00981,2022-08-13,Customer_91,Monitor,Electronics,2,419.9,839.8,East
ORD00982,2022-10-21,Customer_135,Keyboard,Accessories,5,469.64,2348.2,East
ORD00983,2023-04-28,Customer_10,Smartwatch,Wearables,5,1676.89,8384.45,South
ORD00984,2023-06-11,Customer_114,Laptop,Electronics,5,1952.95,9764.75,West
ORD00985,2023-12-10,Customer_147,Smartphone,Electronics,2,176.0,352.0,West
ORD00986,2023-07-19,Customer_126,Mouse,Accessories,4,774.25,3097.0,South
ORD00987,2023-10-29,Customer_22,Laptop,Electronics,1,1118.52,1118.52,North
ORD00988,2022-01-04,Customer_70,Laptop,Electronics,5,1696.5,8482.5,East
ORD00989,2022-12-21,Customer_99,Smartphone,Electronics,5,1002.07,5010.35,West
ORD00990,2022-06-01,Customer_154,Tablet,Electronics,4,1736.09,6944.36,West
ORD00991,2023-02-27,Customer_178,Headphones,Accessories,4,1320.84,5283.36,North
ORD00992,2023-03-23,Customer_134,Keyboard,Accessories,3,782.98,2348.94,North
ORD00993,2023-04-26,Customer_116,Smartphone,Electronics,4,1726.15,6904.6,North
ORD00994,2022-02-20,Customer_72,Smartphone,Electronics,2,1580.78,3161.56,West
ORD00995,2023-05-23,Customer_107,Laptop,Electronics,5,309.63,1548.15,West
ORD00996,2023-08-25,Customer_33,Mouse,Accessories,1,1334.45,1334.45,North
ORD00997,2023-10-04,Customer_33,Keyboard,Accessories,1,1391.86,1391.86,East
ORD00998,2022-04-06,Customer_62,Smartphone,Electronics,4,199.01,796.04,East
ORD00999,2022-07-27,Customer_139,Mouse,Accessories,1,1689.7,1689.7,West
ORD01000,2023-05-06,Customer_98,Keyboard,Accessories,2,543.46,1086.92,West
